"ID_Observacao","Estudo","Pais_Estudo","Status_Metabolico","Sexo_Animal","Peso_Corporal_kg","Consumo_MS_kg","Fracao_Perda_A","Modelo","MAPE","MAPE_log","MAPE_boxcox"
0,"Estudo_AF","Grandvale","Terminação","Boi",362,7.35,0.0203038674,"Modelo_1",0.463267945533497,-0.769449676232392,-0.687098263462082
0,"Estudo_AF","Grandvale","Terminação","Boi",362,7.35,0.0203038674,"Modelo_2",0.319869948490913,-1.13984077676158,-0.965392877659824
0,"Estudo_AF","Grandvale","Terminação","Boi",362,7.35,0.0203038674,"Modelo_3",0.374635069512696,-0.981802874793773,-0.850421638759762
0,"Estudo_AF","Grandvale","Terminação","Boi",362,7.35,0.0203038674,"Modelo_4",0.13035752577688,-2.03747440511864,-1.52441242763785
0,"Estudo_AF","Grandvale","Terminação","Boi",362,7.35,0.0203038674,"Modelo_5",0.287022183976341,-1.24819577012489,-1.04112870719227
1,"Estudo_AF","Grandvale","Terminação","Boi",362,7.7,0.02127071823,"Modelo_1",0.405665475101837,-0.902226411967353,-0.790434048644784
1,"Estudo_AF","Grandvale","Terminação","Boi",362,7.7,0.02127071823,"Modelo_2",0.263184024025272,-1.33490178036536,-1.09998429405599
1,"Estudo_AF","Grandvale","Terminação","Boi",362,7.7,0.02127071823,"Modelo_3",0.351648360212819,-1.04512357936192,-0.897142390538907
1,"Estudo_AF","Grandvale","Terminação","Boi",362,7.7,0.02127071823,"Modelo_4",0.101806052040901,-2.28468572632927,-1.65371415790377
1,"Estudo_AF","Grandvale","Terminação","Boi",362,7.7,0.02127071823,"Modelo_5",0.262544319976723,-1.33733537319543,-1.10161421766073
2,"Estudo_AF","Grandvale","Terminação","Boi",362,7.36,0.02033149171,"Modelo_1",0.243768779022125,-1.41153512992972,-1.15074328891277
2,"Estudo_AF","Grandvale","Terminação","Boi",362,7.36,0.02033149171,"Modelo_2",0.121758057907676,-2.10571933516289,-1.56107078926076
2,"Estudo_AF","Grandvale","Terminação","Boi",362,7.36,0.02033149171,"Modelo_3",0.212482501365747,-1.54889564052246,-1.23885584748661
2,"Estudo_AF","Grandvale","Terminação","Boi",362,7.36,0.02033149171,"Modelo_4",0.0387872166074842,-3.24966455551898,-2.07589895466289
2,"Estudo_AF","Grandvale","Terminação","Boi",362,7.36,0.02033149171,"Modelo_5",0.136823101611582,-1.98906641662117,-1.4979508834602
3,"Estudo_AF","Grandvale","Terminação","Boi",362,7.09,0.01958563536,"Modelo_1",0.123489518895512,-2.09159899375835,-1.55354737989056
3,"Estudo_AF","Grandvale","Terminação","Boi",362,7.09,0.01958563536,"Modelo_2",0.0163594373875266,-4.11295033791436,-2.36280268511479
3,"Estudo_AF","Grandvale","Terminação","Boi",362,7.09,0.01958563536,"Modelo_3",0.111941455896412,-2.18977925956087,-1.60520484125731
3,"Estudo_AF","Grandvale","Terminação","Boi",362,7.09,0.01958563536,"Modelo_4",0.142133723709369,-1.95098694825429,-1.47686354722647
3,"Estudo_AF","Grandvale","Terminação","Boi",362,7.09,0.01958563536,"Modelo_5",0.0459110907448541,-3.08104856267489,-2.01065564249966
4,"Estudo_AR","Grandvale","Crescimento","Boi",319,7.8,0.02445141066,"Modelo_1",0.0755688879848592,-2.58271061509206,-1.79736714788924
4,"Estudo_AR","Grandvale","Crescimento","Boi",319,7.8,0.02445141066,"Modelo_2",0.170124200836972,-1.77122651552648,-1.37399888251473
4,"Estudo_AR","Grandvale","Crescimento","Boi",319,7.8,0.02445141066,"Modelo_3",0.0231833969781823,-3.76431890399992,-2.25579713936017
4,"Estudo_AR","Grandvale","Crescimento","Boi",319,7.8,0.02445141066,"Modelo_4",0.1233072414546,-2.09307614016657,-1.55433590649083
4,"Estudo_AR","Grandvale","Crescimento","Boi",319,7.8,0.02445141066,"Modelo_5",0.0688317876551585,-2.67608961087429,-1.83979814248984
5,"Estudo_AR","Grandvale","Crescimento","Boi",319,7.22,0.02263322884,"Modelo_1",0.151633596875699,-1.88628821505184,-1.44047820365463
5,"Estudo_AR","Grandvale","Crescimento","Boi",319,7.22,0.02263322884,"Modelo_2",0.233664469703453,-1.45386908278488,-1.1782873108025
5,"Estudo_AR","Grandvale","Crescimento","Boi",319,7.22,0.02263322884,"Modelo_3",0.0606916914594333,-2.80194846904271,-1.89513918402421
5,"Estudo_AR","Grandvale","Crescimento","Boi",319,7.22,0.02263322884,"Modelo_4",0.00617423374301075,-5.08737049436861,-2.60880784987514
5,"Estudo_AR","Grandvale","Crescimento","Boi",319,7.22,0.02263322884,"Modelo_5",0.142419955495085,-1.94897515291883,-1.47574275786384
8,"Estudo_BG","Terra do Galo","Terminação","Novilho",417,6.26,0.01501199041,"Modelo_1",0.867094703049759,-0.142607077428938,-0.139599601847588
8,"Estudo_BG","Terra do Galo","Terminação","Novilho",417,6.26,0.01501199041,"Modelo_2",0.706587479935795,-0.347308262957639,-0.329827175759869
8,"Estudo_BG","Terra do Galo","Terminação","Novilho",417,6.26,0.01501199041,"Modelo_3",0.825690208667737,-0.191535625849074,-0.186136644442312
8,"Estudo_BG","Terra do Galo","Terminação","Novilho",417,6.26,0.01501199041,"Modelo_4",0.366548956661316,-1.0036231876914,-0.866621929618941
8,"Estudo_BG","Terra do Galo","Terminação","Novilho",417,6.26,0.01501199041,"Modelo_5",0.819914927768861,-0.198554690729232,-0.192756785241455
9,"Estudo_BG","Terra do Galo","Terminação","Novilho",417,6.74,0.01616306954,"Modelo_1",0.0848575712143929,-2.46678106070649,-1.74300819298162
9,"Estudo_BG","Terra do Galo","Terminação","Novilho",417,6.74,0.01616306954,"Modelo_2",0.168668665667166,-1.7798190466514,-1.37904307104537
9,"Estudo_BG","Terra do Galo","Terminação","Novilho",417,6.74,0.01616306954,"Modelo_3",0.0512203898050974,-2.97161758783172,-1.96651243928826
9,"Estudo_BG","Terra do Galo","Terminação","Novilho",417,6.74,0.01616306954,"Modelo_4",0.0610194902548725,-2.79656195346708,-1.89281324867149
9,"Estudo_BG","Terra do Galo","Terminação","Novilho",417,6.74,0.01616306954,"Modelo_5",0.0379820089955023,-3.27064267885418,-2.08378768904333
10,"Estudo_F","Península Matina","Crescimento","Boi",178,3.881,0.02180337079,"Modelo_1",0.12962676962677,-2.04309596063155,-1.52746054143122
10,"Estudo_F","Península Matina","Crescimento","Boi",178,3.881,0.02180337079,"Modelo_2",0.0762514800514801,-2.57371845317178,-1.79321805701781
10,"Estudo_F","Península Matina","Crescimento","Boi",178,3.881,0.02180337079,"Modelo_3",0.251196396396396,-1.38152019004674,-1.13100144708168
10,"Estudo_F","Península Matina","Crescimento","Boi",178,3.881,0.02180337079,"Modelo_4",0.0489189189189189,-3.01759106736649,-1.98523428994326
10,"Estudo_F","Península Matina","Crescimento","Boi",178,3.881,0.02180337079,"Modelo_5",0.00631891891891902,-5.06420714258838,-2.60375558450158
12,"Estudo_CB","Ilha Verdejante","Terminação","Boi",538,10.86,0.02018587361,"Modelo_1",0.0471111111111111,-3.0552464010864,-2.0003775311436
12,"Estudo_CB","Ilha Verdejante","Terminação","Boi",538,10.86,0.02018587361,"Modelo_2",0.165531111111111,-1.79859611928705,-1.39002087741804
12,"Estudo_CB","Ilha Verdejante","Terminação","Boi",538,10.86,0.02018587361,"Modelo_3",0.0355333333333333,-3.3372840559185,-2.10852105809467
12,"Estudo_CB","Ilha Verdejante","Terminação","Boi",538,10.86,0.02018587361,"Modelo_4",0.179466666666667,-1.71776578931973,-1.3423213027831
12,"Estudo_CB","Ilha Verdejante","Terminação","Boi",538,10.86,0.02018587361,"Modelo_5",0.0190177777777778,-3.96238106476974,-2.31795784340865
13,"Estudo_CB","Ilha Verdejante","Terminação","Boi",538,10.98,0.02040892193,"Modelo_1",0.366446886446886,-1.00390168917554,-0.866828015845592
13,"Estudo_CB","Ilha Verdejante","Terminação","Boi",538,10.98,0.02040892193,"Modelo_2",0.445607326007326,-0.80831714973373,-0.717774809356185
13,"Estudo_CB","Ilha Verdejante","Terminação","Boi",538,10.98,0.02040892193,"Modelo_3",0.299721611721612,-1.20490119607618,-1.01116251555856
13,"Estudo_CB","Ilha Verdejante","Terminação","Boi",538,10.98,0.02040892193,"Modelo_4",0.155384615384615,-1.86185184604843,-1.42655086406138
13,"Estudo_CB","Ilha Verdejante","Terminação","Boi",538,10.98,0.02040892193,"Modelo_5",0.291103296703297,-1.23407710330913,-1.0313992546863
17,"Estudo_Z","Campo Rico","Crescimento","Boi",215,5.82,0.02706976744,"Modelo_1",0.666516584121267,-0.405690257270434,-0.381974377879694
17,"Estudo_Z","Campo Rico","Crescimento","Boi",215,5.82,0.02706976744,"Modelo_2",0.532684976737205,-0.629825067564614,-0.57390016717485
17,"Estudo_Z","Campo Rico","Crescimento","Boi",215,5.82,0.02706976744,"Modelo_3",0.846975836710191,-0.166083112824158,-0.16201344281996
17,"Estudo_Z","Campo Rico","Crescimento","Boi",215,5.82,0.02706976744,"Modelo_4",0.834308869878433,-0.181151597609068,-0.176317183761568
17,"Estudo_Z","Campo Rico","Crescimento","Boi",215,5.82,0.02706976744,"Modelo_5",0.546600630346691,-0.604036852274983,-0.552469116816306
19,"Estudo_BB","Terra Nortenha","Crescimento","Touro",328,7.5,0.02286585366,"Modelo_1",0.13112582781457,-2.03159789911443,-1.52122057455393
19,"Estudo_BB","Terra Nortenha","Crescimento","Touro",328,7.5,0.02286585366,"Modelo_2",0.217549668874172,-1.52532809188431,-1.22399486384428
19,"Estudo_BB","Terra Nortenha","Crescimento","Touro",328,7.5,0.02286585366,"Modelo_3",0.0759602649006622,-2.57754490567365,-1.7949849960432
19,"Estudo_BB","Terra Nortenha","Crescimento","Touro",328,7.5,0.02286585366,"Modelo_4",0.043046357615894,-3.14547765991333,-2.03597582955153
19,"Estudo_BB","Terra Nortenha","Crescimento","Touro",328,7.5,0.02286585366,"Modelo_5",0.154180132450331,-1.86963366888841,-1.43099714502744
20,"Estudo_T","Arquipélago Oriente","Crescimento","Boi",490,6.89,0.01406122449,"Modelo_1",0.0201373326410701,-3.90517984132326,-2.30038326549593
20,"Estudo_T","Arquipélago Oriente","Crescimento","Boi",490,6.89,0.01406122449,"Modelo_2",0.111490463819591,-2.19381621802124,-1.60729648929822
20,"Estudo_T","Arquipélago Oriente","Crescimento","Boi",490,6.89,0.01406122449,"Modelo_3",0.0160237761445677,-4.13368165072571,-2.36882006582644
20,"Estudo_T","Arquipélago Oriente","Crescimento","Boi",490,6.89,0.01406122449,"Modelo_4",0.144465041493087,-1.93471772808228,-1.46778040420201
20,"Estudo_T","Arquipélago Oriente","Crescimento","Boi",490,6.89,0.01406122449,"Modelo_5",0.0599799661271885,-2.81374467039654,-1.90021975733347
21,"Estudo_T","Arquipélago Oriente","Crescimento","Boi",490,6.71,0.01369387755,"Modelo_1",0.104251259435092,-2.26095133746405,-1.64171205884201
21,"Estudo_T","Arquipélago Oriente","Crescimento","Boi",490,6.71,0.01369387755,"Modelo_2",0.185985756329261,-1.68208518707619,-1.32089467763972
21,"Estudo_T","Arquipélago Oriente","Crescimento","Boi",490,6.71,0.01369387755,"Modelo_3",0.0700962392682353,-2.65788613448006,-1.83161957127427
21,"Estudo_T","Arquipélago Oriente","Crescimento","Boi",490,6.71,0.01369387755,"Modelo_4",0.0369697258708604,-3.29765592096884,-2.09387305180242
21,"Estudo_T","Arquipélago Oriente","Crescimento","Boi",490,6.71,0.01369387755,"Modelo_5",0.0267349943688223,-3.62178192121089,-2.2087211751195
22,"Estudo_T","Arquipélago Oriente","Crescimento","Boi",490,6.46,0.01318367347,"Modelo_1",0.118488247064557,-2.13294150421552,-1.5754852991874
22,"Estudo_T","Arquipélago Oriente","Crescimento","Boi",490,6.46,0.01318367347,"Modelo_2",0.0196444861742058,-3.92995858186451,-2.30803335684072
22,"Estudo_T","Arquipélago Oriente","Crescimento","Boi",490,6.46,0.01318367347,"Modelo_3",0.164767205683413,-1.80322167594831,-1.39271567780544
22,"Estudo_T","Arquipélago Oriente","Crescimento","Boi",490,6.46,0.01318367347,"Modelo_4",0.278083857789571,-1.27983256405265,-1.06278119398471
22,"Estudo_T","Arquipélago Oriente","Crescimento","Boi",490,6.46,0.01318367347,"Modelo_5",0.22462215456524,-1.49333560144784,-1.20365250233543
23,"Estudo_W","Ilha Verdejante","Crescimento","Novilha",474,8.81,0.01858649789,"Modelo_1",0.245248124935786,-1.40548482608766,-1.14677809152463
23,"Estudo_W","Ilha Verdejante","Crescimento","Novilha",474,8.81,0.01858649789,"Modelo_2",0.328843111065447,-1.11217450801602,-0.945657467072122
23,"Estudo_W","Ilha Verdejante","Crescimento","Novilha",474,8.81,0.01858649789,"Modelo_3",0.139937532107264,-1.96655915518316,-1.48551612004181
23,"Estudo_W","Ilha Verdejante","Crescimento","Novilha",474,8.81,0.01858649789,"Modelo_4",0.0495736155347786,-3.00429653164745,-1.9798468482889
23,"Estudo_W","Ilha Verdejante","Crescimento","Novilha",474,8.81,0.01858649789,"Modelo_5",0.140032261378814,-1.96588244449959,-1.48514095066607
24,"Estudo_W","Ilha Verdejante","Crescimento","Novilha",474,8.66,0.01827004219,"Modelo_1",0.288522821983625,-1.24298109050019,-1.03753996697674
24,"Estudo_W","Ilha Verdejante","Crescimento","Novilha",474,8.66,0.01827004219,"Modelo_2",0.366493111732118,-1.00377555256024,-0.866734679089917
24,"Estudo_W","Ilha Verdejante","Crescimento","Novilha",474,8.66,0.01827004219,"Modelo_3",0.18635402265039,-1.68010706675704,-1.31970006947422
24,"Estudo_W","Ilha Verdejante","Crescimento","Novilha",474,8.66,0.01827004219,"Modelo_4",0.108398293866745,-2.22194292933712,-1.6217995368021
24,"Estudo_W","Ilha Verdejante","Crescimento","Novilha",474,8.66,0.01827004219,"Modelo_5",0.185109623964308,-1.6868070674301,-1.32374340782442
25,"Estudo_W","Ilha Verdejante","Crescimento","Novilha",474,8.67,0.01829113924,"Modelo_1",0.394757678043089,-0.929483175641396,-0.811142627386425
25,"Estudo_W","Ilha Verdejante","Crescimento","Novilha",474,8.67,0.01829113924,"Modelo_2",0.461133475017711,-0.774067744231292,-0.690761873104444
25,"Estudo_W","Ilha Verdejante","Crescimento","Novilha",474,8.67,0.01829113924,"Modelo_3",0.309960036671251,-1.17131190377677,-0.987644197707502
25,"Estudo_W","Ilha Verdejante","Crescimento","Novilha",474,8.67,0.01829113924,"Modelo_4",0.241280160020003,-1.42179653094989,-1.1574518871848
25,"Estudo_W","Ilha Verdejante","Crescimento","Novilha",474,8.67,0.01829113924,"Modelo_5",0.308930157936409,-1.1746400537279,-0.989985070451341
27,"Estudo_Q","Ilha Verdejante","Crescimento","Novilha",462,7.27,0.01573593074,"Modelo_1",0.0419201702895376,-3.17198817672718,-2.04625299281891
27,"Estudo_Q","Ilha Verdejante","Crescimento","Novilha",462,7.27,0.01573593074,"Modelo_2",0.0593531074271289,-2.82425080163694,-1.90472959025911
27,"Estudo_Q","Ilha Verdejante","Crescimento","Novilha",462,7.27,0.01573593074,"Modelo_3",0.128840356803307,-2.04918118517101,-1.53075427647739
27,"Estudo_Q","Ilha Verdejante","Crescimento","Novilha",462,7.27,0.01573593074,"Modelo_4",0.238476739318777,-1.43348350247174,-1.1650673684455
27,"Estudo_Q","Ilha Verdejante","Crescimento","Novilha",462,7.27,0.01573593074,"Modelo_5",0.144309837400748,-1.93579264227065,-1.46838190000714
29,"Estudo_Q","Ilha Verdejante","Crescimento","Novilha",462,8.41,0.0182034632,"Modelo_1",0.265563875582014,-1.32589988124003,-1.09394482789777
29,"Estudo_Q","Ilha Verdejante","Crescimento","Novilha",462,8.41,0.0182034632,"Modelo_2",0.344571053542729,-1.06545495858271,-0.911956502486165
29,"Estudo_Q","Ilha Verdejante","Crescimento","Novilha",462,8.41,0.0182034632,"Modelo_3",0.192765866187103,-1.6462789550776,-1.29916080177779
29,"Estudo_Q","Ilha Verdejante","Crescimento","Novilha",462,8.41,0.0182034632,"Modelo_4",0.0873292715067516,-2.43806957443543,-1.7292508494408
29,"Estudo_Q","Ilha Verdejante","Crescimento","Novilha",462,8.41,0.0182034632,"Modelo_5",0.194358453611977,-1.63805112578409,-1.29413355252501
30,"Estudo_B","Reino Litoral","Crescimento","Boi",541,11.43,0.02112754159,"Modelo_1",0.0250574712643679,-3.68658324185358,-2.23037293969938
30,"Estudo_B","Reino Litoral","Crescimento","Boi",541,11.43,0.02112754159,"Modelo_2",0.105504597701149,-2.24900074690992,-1.63563641224784
30,"Estudo_B","Reino Litoral","Crescimento","Boi",541,11.43,0.02112754159,"Modelo_3",0.0374870114942529,-3.28376076615556,-2.08869552016023
30,"Estudo_B","Reino Litoral","Crescimento","Boi",541,11.43,0.02112754159,"Modelo_4",0.106620689655172,-2.2384776992613,-1.63026845994524
30,"Estudo_B","Reino Litoral","Crescimento","Boi",541,11.43,0.02112754159,"Modelo_5",0.0501504597701149,-2.99272759671762,-1.97514116793383
33,"Estudo_BP","Grandvale","Crescimento","Boi",434,10.2,0.02350230415,"Modelo_1",0.385885885885886,-0.952213585645169,-0.828283247623255
33,"Estudo_BP","Grandvale","Crescimento","Boi",434,10.2,0.02350230415,"Modelo_2",0.459804804804805,-0.776953216936439,-0.693048403649409
33,"Estudo_BP","Grandvale","Crescimento","Boi",434,10.2,0.02350230415,"Modelo_3",0.387466216216216,-0.94812661794763,-0.825209946301474
33,"Estudo_BP","Grandvale","Crescimento","Boi",434,10.2,0.02350230415,"Modelo_4",0.479279279279279,-0.735471804964736,-0.659986286764115
33,"Estudo_BP","Grandvale","Crescimento","Boi",434,10.2,0.02350230415,"Modelo_5",0.410325075075075,-0.890805567399249,-0.781706488521697
34,"Estudo_BP","Grandvale","Crescimento","Boi",439,10.1,0.02300683371,"Modelo_1",0.404342723004695,-0.905492436375602,-0.792924379762674
34,"Estudo_BP","Grandvale","Crescimento","Boi",439,10.1,0.02300683371,"Modelo_2",0.475667546948357,-0.743036099547883,-0.666046003915781
34,"Estudo_BP","Grandvale","Crescimento","Boi",439,10.1,0.02300683371,"Modelo_3",0.406327024647887,-0.900596964176574,-0.789190688284441
34,"Estudo_BP","Grandvale","Crescimento","Boi",439,10.1,0.02300683371,"Modelo_4",0.49618544600939,-0.700805539050625,-0.632038725138963
34,"Estudo_BP","Grandvale","Crescimento","Boi",439,10.1,0.02300683371,"Modelo_5",0.426139231220657,-0.852989152260008,-0.75259364525584
35,"Estudo_CU","Costa Austral","Crescimento","Boi",474,8.9,0.01877637131,"Modelo_1",0.149913842619184,-1.8976945324455,-1.4469442861336
35,"Estudo_CU","Costa Austral","Crescimento","Boi",474,8.9,0.01877637131,"Modelo_2",0.244652498564044,-1.40791644848884,-1.14837257288965
35,"Estudo_CU","Costa Austral","Crescimento","Boi",474,8.9,0.01877637131,"Modelo_3",0.141614014933946,-1.95465012709805,-1.4789026008619
35,"Estudo_CU","Costa Austral","Crescimento","Boi",474,8.9,0.01877637131,"Modelo_4",0.0735209649626652,-2.61018467584857,-1.80997488713518
35,"Estudo_CU","Costa Austral","Crescimento","Boi",474,8.9,0.01877637131,"Modelo_5",0.140003446295233,-1.96608824028129,-1.48525505220263
36,"Estudo_CU","Costa Austral","Crescimento","Boi",486,10.4,0.02139917695,"Modelo_1",0.0746934225195095,-2.59436324266783,-1.8027271862295
36,"Estudo_CU","Costa Austral","Crescimento","Boi",486,10.4,0.02139917695,"Modelo_2",0.187201783723523,-1.67556818654642,-1.31695630980686
36,"Estudo_CU","Costa Austral","Crescimento","Boi",486,10.4,0.02139917695,"Modelo_3",0.0566053511705686,-2.87165175459235,-1.92490098250747
36,"Estudo_CU","Costa Austral","Crescimento","Boi",486,10.4,0.02139917695,"Modelo_4",0.217391304347826,-1.52605630349505,-1.22445562694183
36,"Estudo_CU","Costa Austral","Crescimento","Boi",486,10.4,0.02139917695,"Modelo_5",0.0642664437012264,-2.74471765485908,-1.87023328144269
37,"Estudo_CU","Costa Austral","Crescimento","Boi",497,10.6,0.02132796781,"Modelo_1",0.133299022130726,-2.0151603876779,-1.51226251822485
37,"Estudo_CU","Costa Austral","Crescimento","Boi",497,10.6,0.02132796781,"Modelo_2",0.239711785898096,-1.42831796938013,-1.16170468873553
37,"Estudo_CU","Costa Austral","Crescimento","Boi",497,10.6,0.02132796781,"Modelo_3",0.115362840967576,-2.15967297877599,-1.58952588610292
37,"Estudo_CU","Costa Austral","Crescimento","Boi",497,10.6,0.02132796781,"Modelo_4",0.14565105506948,-1.9265415517342,-1.4631988606523
37,"Estudo_CU","Costa Austral","Crescimento","Boi",497,10.6,0.02132796781,"Modelo_5",0.118753474009264,-2.13070558168045,-1.57430578002477
38,"Estudo_CU","Costa Austral","Crescimento","Boi",497,10.5,0.02112676056,"Modelo_1",0.177165354330709,-1.73067177724821,-1.35001519175543
38,"Estudo_CU","Costa Austral","Crescimento","Boi",497,10.5,0.02112676056,"Modelo_2",0.277706692913386,-1.28118978372328,-1.06370549720757
38,"Estudo_CU","Costa Austral","Crescimento","Boi",497,10.5,0.02112676056,"Modelo_3",0.16060531496063,-1.82880538361715,-1.40755312387567
38,"Estudo_CU","Costa Austral","Crescimento","Boi",497,10.5,0.02112676056,"Modelo_4",0.0851377952755906,-2.46348421420059,-1.74143449751038
38,"Estudo_CU","Costa Austral","Crescimento","Boi",497,10.5,0.02112676056,"Modelo_5",0.162912401574803,-1.81454263628536,-1.39929539482579
39,"Estudo_AB","Reino Litoral","Terminação","Boi",696,9.8,0.01408045977,"Modelo_1",0.185074626865672,-1.68699614677997,-1.32385739617845
39,"Estudo_AB","Reino Litoral","Terminação","Boi",696,9.8,0.01408045977,"Modelo_2",0.0454626865671643,-3.09086336491799,-2.01454446048322
39,"Estudo_AB","Reino Litoral","Terminação","Boi",696,9.8,0.01408045977,"Modelo_3",0.175794029850746,-1.73844225420108,-1.35463320541165
39,"Estudo_AB","Reino Litoral","Terminação","Boi",696,9.8,0.01408045977,"Modelo_4",0.0053731343283582,-5.22634386692295,-2.63839374172973
39,"Estudo_AB","Reino Litoral","Terminação","Boi",696,9.8,0.01408045977,"Modelo_5",0.330823880597015,-1.10616912799983,-0.94135191948958
41,"Estudo_AB","Reino Litoral","Terminação","Boi",696,8.6,0.01235632184,"Modelo_1",0.0463768115942029,-3.07095569479158,-2.00664468990608
41,"Estudo_AB","Reino Litoral","Terminação","Boi",696,8.6,0.01235632184,"Modelo_2",0.0677971014492753,-2.69123583643527,-1.84656917376995
41,"Estudo_AB","Reino Litoral","Terminação","Boi",696,8.6,0.01235632184,"Modelo_3",0.0252753623188406,-3.67792517911047,-2.22750436578082
41,"Estudo_AB","Reino Litoral","Terminação","Boi",696,8.6,0.01235632184,"Modelo_4",0.152463768115942,-1.8808282972877,-1.43737521303311
41,"Estudo_AB","Reino Litoral","Terminação","Boi",696,8.6,0.01235632184,"Modelo_5",0.192373913043478,-1.6483143370354,-1.30040251805511
42,"Estudo_AB","Reino Litoral","Terminação","Boi",696,10,0.01436781609,"Modelo_1",0.151428571428571,-1.88764124093134,-1.44124637233425
42,"Estudo_AB","Reino Litoral","Terminação","Boi",696,10,0.01436781609,"Modelo_2",0.0142857142857143,-4.24849524204936,-2.40147620170275
42,"Estudo_AB","Reino Litoral","Terminação","Boi",696,10,0.01436781609,"Modelo_3",0.141812857142857,-1.95324699802933,-1.47812183484611
42,"Estudo_AB","Reino Litoral","Terminação","Boi",696,10,0.01436781609,"Modelo_4",0.0285714285714286,-3.55534806148941,-2.18608263169073
42,"Estudo_AB","Reino Litoral","Terminação","Boi",696,10,0.01436781609,"Modelo_5",0.287544285714286,-1.24637839334017,-1.03987862660111
43,"Estudo_AB","Reino Litoral","Terminação","Boi",696,9.4,0.01350574713,"Modelo_1",0.0253164556962025,-3.67630067190708,-2.22696530629853
43,"Estudo_AB","Reino Litoral","Terminação","Boi",696,9.4,0.01350574713,"Modelo_2",0.137493670886076,-1.98417739285437,-1.49525693980438
43,"Estudo_AB","Reino Litoral","Terminação","Boi",696,9.4,0.01350574713,"Modelo_3",0.038393670886076,-3.25986265364798,-2.07974010755398
43,"Estudo_AB","Reino Litoral","Terminação","Boi",696,9.4,0.01350574713,"Modelo_4",0.190886075949367,-1.65607848988721,-1.30513220329297
43,"Estudo_AB","Reino Litoral","Terminação","Boi",696,9.4,0.01350574713,"Modelo_5",0.0979506329113924,-2.32329167303623,-1.6730549279123
44,"Estudo_AB","Reino Litoral","Terminação","Boi",696,10.3,0.01479885057,"Modelo_1",0.00487804878048787,-5.3230099791384,-2.65825745995091
44,"Estudo_AB","Reino Litoral","Terminação","Boi",696,10.3,0.01479885057,"Modelo_2",0.11669512195122,-2.14819054046712,-1.58350857961994
44,"Estudo_AB","Reino Litoral","Terminação","Boi",696,10.3,0.01479885057,"Modelo_3",0.00095365853658531,-6.95520487869518,-2.9196227647221
44,"Estudo_AB","Reino Litoral","Terminação","Boi",696,10.3,0.01479885057,"Modelo_4",0.145853658536585,-1.92515149874177,-1.46241882221339
44,"Estudo_AB","Reino Litoral","Terminação","Boi",696,10.3,0.01479885057,"Modelo_5",0.121831707317073,-2.10511463478417,-1.56074925374727
45,"Estudo_AB","Reino Litoral","Terminação","Boi",696,9.7,0.01393678161,"Modelo_1",0.245933014354067,-1.40269607950369,-1.14494800154443
45,"Estudo_AB","Reino Litoral","Terminação","Boi",696,9.7,0.01393678161,"Modelo_2",0.334267942583732,-1.09581238430997,-0.933908420391553
45,"Estudo_AB","Reino Litoral","Terminação","Boi",696,9.7,0.01393678161,"Modelo_3",0.191259330143541,-1.65412502240118,-1.30394324745021
45,"Estudo_AB","Reino Litoral","Terminação","Boi",696,9.7,0.01393678161,"Modelo_4",0.0253588516746412,-3.67462743140673,-2.22640980094876
45,"Estudo_AB","Reino Litoral","Terminação","Boi",696,9.7,0.01393678161,"Modelo_5",0.0924535885167464,-2.38104850614519,-1.70157485808473
46,"Estudo_AB","Reino Litoral","Terminação","Boi",696,11.1,0.01594827586,"Modelo_1",0.192592592592593,-1.64717824041695,-1.29970951821716
46,"Estudo_AB","Reino Litoral","Terminação","Boi",696,11.1,0.01594827586,"Modelo_2",0.294009259259259,-1.22414401806027,-1.02452943175729
46,"Estudo_AB","Reino Litoral","Terminação","Boi",696,11.1,0.01594827586,"Modelo_3",0.131912962962963,-2.02561294536946,-1.51796402857464
46,"Estudo_AB","Reino Litoral","Terminação","Boi",696,11.1,0.01594827586,"Modelo_4",0.0791666666666666,-2.53619994417555,-1.77578528466136
46,"Estudo_AB","Reino Litoral","Terminação","Boi",696,11.1,0.01594827586,"Modelo_5",0.0486240740740741,-3.02363651940326,-1.98767703458164
47,"Estudo_AB","Reino Litoral","Terminação","Boi",696,9.4,0.01350574713,"Modelo_1",0.336206896551724,-1.09002854497672,-0.929741439808501
47,"Estudo_AB","Reino Litoral","Terminação","Boi",696,9.4,0.01350574713,"Modelo_2",0.412603448275862,-0.885268320949317,-0.777464269959384
47,"Estudo_AB","Reino Litoral","Terminação","Boi",696,9.4,0.01350574713,"Modelo_3",0.289735775862069,-1.23878588903866,-1.034648753269
47,"Estudo_AB","Reino Litoral","Terminação","Boi",696,9.4,0.01350574713,"Modelo_4",0.149137931034483,-1.90288368960263,-1.44987863229111
47,"Estudo_AB","Reino Litoral","Terminação","Boi",696,9.4,0.01350574713,"Modelo_5",0.198238362068966,-1.61828512349941,-1.28200558157938
48,"Estudo_AB","Reino Litoral","Terminação","Boi",696,10.3,0.01479885057,"Modelo_1",0.307563025210084,-1.17907525270421,-0.993100961796929
48,"Estudo_AB","Reino Litoral","Terminação","Boi",696,10.3,0.01479885057,"Modelo_2",0.391336134453782,-0.938188409399112,-0.817720911725212
48,"Estudo_AB","Reino Litoral","Terminação","Boi",696,10.3,0.01479885057,"Modelo_3",0.257005882352941,-1.35865630581601,-1.11584336222154
48,"Estudo_AB","Reino Litoral","Terminação","Boi",696,10.3,0.01479885057,"Modelo_4",0.0911764705882352,-2.39495841312506,-1.7083699529348
48,"Estudo_AB","Reino Litoral","Terminação","Boi",696,10.3,0.01479885057,"Modelo_5",0.175017647058824,-1.74286846980653,-1.35725890775255
49,"Estudo_AB","Reino Litoral","Terminação","Boi",696,10.7,0.01537356322,"Modelo_1",0.310569105691057,-1.16934883975989,-0.986262369473765
49,"Estudo_AB","Reino Litoral","Terminação","Boi",696,10.7,0.01537356322,"Modelo_2",0.395617886178862,-0.927306467467826,-0.809495067568953
49,"Estudo_AB","Reino Litoral","Terminação","Boi",696,10.7,0.01537356322,"Modelo_3",0.259704878048781,-1.34820937709061,-1.10888267234121
49,"Estudo_AB","Reino Litoral","Terminação","Boi",696,10.7,0.01537356322,"Modelo_4",0.0865853658536586,-2.44662446321698,-1.73336239528522
49,"Estudo_AB","Reino Litoral","Terminação","Boi",696,10.7,0.01537356322,"Modelo_5",0.183472357723577,-1.69569126194329,-1.32909235283483
50,"Estudo_AB","Reino Litoral","Terminação","Boi",696,10.3,0.01479885057,"Modelo_1",0.346031746031746,-1.06122475659649,-0.908881677905704
50,"Estudo_AB","Reino Litoral","Terminação","Boi",696,10.3,0.01479885057,"Modelo_2",0.425150793650794,-0.8553113643973,-0.754390926640906
50,"Estudo_AB","Reino Litoral","Terminação","Boi",696,10.3,0.01479885057,"Modelo_3",0.298963095238095,-1.20743514050657,-1.01292712030506
50,"Estudo_AB","Reino Litoral","Terminação","Boi",696,10.3,0.01479885057,"Modelo_4",0.141666666666667,-1.95427839872583,-1.478695785975
50,"Estudo_AB","Reino Litoral","Terminação","Boi",696,10.3,0.01479885057,"Modelo_5",0.221513095238095,-1.50727357053076,-1.21253893823125
51,"Estudo_CA","Ilha Verdejante","Terminação","Boi",531,11.03,0.02077212806,"Modelo_1",0.238771929824561,-1.43224645117118,-1.1642625422435
51,"Estudo_CA","Ilha Verdejante","Terminação","Boi",531,11.03,0.02077212806,"Modelo_2",0.334095614035088,-1.09632805740662,-0.934279587343197
51,"Estudo_CA","Ilha Verdejante","Terminação","Boi",531,11.03,0.02077212806,"Modelo_3",0.217241710526316,-1.5267446719452,-1.22489108744019
51,"Estudo_CA","Ilha Verdejante","Terminação","Boi",531,11.03,0.02077212806,"Modelo_4",0.0159210526315789,-4.14011298067768,-2.37067920266126
51,"Estudo_CA","Ilha Verdejante","Terminação","Boi",531,11.03,0.02077212806,"Modelo_5",0.20895951754386,-1.5656147417412,-1.2493348798432
52,"Estudo_O","Terra Nortenha","Terminação","Touro",529.1,8.82,0.01666981667,"Modelo_1",0.23563025210084,-1.44549143094514,-1.17286423117357
52,"Estudo_O","Terra Nortenha","Terminação","Touro",529.1,8.82,0.01666981667,"Modelo_2",0.0986789915966386,-2.3158832062966,-1.66936078904369
52,"Estudo_O","Terra Nortenha","Terminação","Touro",529.1,8.82,0.01666981667,"Modelo_3",0.213378151260504,-1.54468932932748,-1.23621117195941
52,"Estudo_O","Terra Nortenha","Terminação","Touro",529.1,8.82,0.01666981667,"Modelo_4",0.00799999999999998,-4.8283137373023,-2.55025403794132
52,"Estudo_O","Terra Nortenha","Terminação","Touro",529.1,8.82,0.01666981667,"Modelo_5",0.263952605042017,-1.3319857183086,-1.09802966388933
53,"Estudo_O","Terra Nortenha","Terminação","Touro",529.1,8.74,0.01651861652,"Modelo_1",0.181877022653722,-1.7044245199981,-1.33433654610707
53,"Estudo_O","Terra Nortenha","Terminação","Touro",529.1,8.74,0.01651861652,"Modelo_2",0.0516148867313917,-2.96394514555713,-1.9633627594956
53,"Estudo_O","Terra Nortenha","Terminação","Touro",529.1,8.74,0.01651861652,"Modelo_3",0.159676375404531,-1.83460616579653,-1.41090151899017
53,"Estudo_O","Terra Nortenha","Terminação","Touro",529.1,8.74,0.01651861652,"Modelo_4",0.0383171521035598,-3.26185764744189,-2.08049015629185
53,"Estudo_O","Terra Nortenha","Terminação","Touro",529.1,8.74,0.01651861652,"Modelo_5",0.209598381877023,-1.56256204661742,-1.24742546207103
55,"Estudo_O","Terra Nortenha","Terminação","Touro",529.1,8.1,0.01530901531,"Modelo_1",0.0408870408870409,-3.19694211486815,-2.05585233374365
55,"Estudo_O","Terra Nortenha","Terminação","Touro",529.1,8.1,0.01530901531,"Modelo_2",0.141552321552322,-1.95508586662391,-1.47914499964858
55,"Estudo_O","Terra Nortenha","Terminação","Touro",529.1,8.1,0.01530901531,"Modelo_3",0.0652252252252253,-2.72990899491471,-1.86371885633127
55,"Estudo_O","Terra Nortenha","Terminação","Touro",529.1,8.1,0.01530901531,"Modelo_4",0.236590436590437,-1.44142474841353,-1.17022684009852
55,"Estudo_O","Terra Nortenha","Terminação","Touro",529.1,8.1,0.01530901531,"Modelo_5",0.0140376992376993,-4.26600876577169,-2.40635939278111
56,"Estudo_G","Arquipélago Oriente","Crescimento","Boi",469.4,4.9,0.01043885812,"Modelo_1",0.0945594157807609,-2.35852690363488,-1.69051258441619
56,"Estudo_G","Arquipélago Oriente","Crescimento","Boi",469.4,4.9,0.01043885812,"Modelo_2",0.154807432254709,-1.86557330699772,-1.42867848111328
56,"Estudo_G","Arquipélago Oriente","Crescimento","Boi",469.4,4.9,0.01043885812,"Modelo_3",0.00431469601598004,-5.4457284051369,-2.68265880431317
56,"Estudo_G","Arquipélago Oriente","Crescimento","Boi",469.4,4.9,0.01043885812,"Modelo_4",0.0683016388384029,-2.68382151798751,-1.84325849028495
56,"Estudo_G","Arquipélago Oriente","Crescimento","Boi",469.4,4.9,0.01043885812,"Modelo_5",0.0683496271893667,-2.68311917026207,-1.84294449200269
57,"Estudo_G","Arquipélago Oriente","Crescimento","Boi",469.4,4.8,0.0102258202,"Modelo_1",0.260423684407516,-1.34544541883787,-1.10703742078852
57,"Estudo_G","Arquipélago Oriente","Crescimento","Boi",469.4,4.8,0.0102258202,"Modelo_2",0.308391346657684,-1.17638569651384,-0.991211943867906
57,"Estudo_G","Arquipélago Oriente","Crescimento","Boi",469.4,4.8,0.0102258202,"Modelo_3",0.17957930982858,-1.71713833115012,-1.34194648447748
57,"Estudo_G","Arquipélago Oriente","Crescimento","Boi",469.4,4.8,0.0102258202,"Modelo_4",0.245452503929935,-1.40465181714516,-1.14623159722137
57,"Estudo_G","Arquipélago Oriente","Crescimento","Boi",469.4,4.8,0.0102258202,"Modelo_5",0.125217156972827,-2.07770579318061,-1.54611382229481
60,"Estudo_BY","Campo Rico","Crescimento","Boi",444,8.7,0.01959459459,"Modelo_1",0.037037037037037,-3.29583686600433,-2.09319647329566
60,"Estudo_BY","Campo Rico","Crescimento","Boi",444,8.7,0.01959459459,"Modelo_2",0.0769373219373219,-2.56476418942101,-1.78907531571205
60,"Estudo_BY","Campo Rico","Crescimento","Boi",444,8.7,0.01959459459,"Modelo_3",0.147293447293447,-1.91532844195148,-1.45689726056951
60,"Estudo_BY","Campo Rico","Crescimento","Boi",444,8.7,0.01959459459,"Modelo_4",0.301282051282051,-1.19970840553948,-1.00754213231282
60,"Estudo_BY","Campo Rico","Crescimento","Boi",444,8.7,0.01959459459,"Modelo_5",0.128222222222222,-2.05399040925031,-1.53335310325706
61,"Estudo_E","Arquipélago Oriente","Crescimento","Boi",291,7.94,0.02728522337,"Modelo_1",0.811847694970368,-0.208442524183976,-0.202059030919823
61,"Estudo_E","Arquipélago Oriente","Crescimento","Boi",291,7.94,0.02728522337,"Modelo_2",0.624232246813867,-0.47123278945154,-0.439439427508836
61,"Estudo_E","Arquipélago Oriente","Crescimento","Boi",291,7.94,0.02728522337,"Modelo_3",0.85363914092411,-0.158246726104768,-0.154549165591433
61,"Estudo_E","Arquipélago Oriente","Crescimento","Boi",291,7.94,0.02728522337,"Modelo_4",1.21356597786752,0.193563114601478,0.199293496749591
61,"Estudo_E","Arquipélago Oriente","Crescimento","Boi",291,7.94,0.02728522337,"Modelo_5",0.638676050243877,-0.448357916778715,-0.419511893355069
62,"Estudo_E","Arquipélago Oriente","Crescimento","Boi",291,7.79,0.02676975945,"Modelo_1",0.74932650862069,-0.288580464390743,-0.276441481660544
62,"Estudo_E","Arquipélago Oriente","Crescimento","Boi",291,7.79,0.02676975945,"Modelo_2",0.57055697737069,-0.56114224197512,-0.516452650928412
62,"Estudo_E","Arquipélago Oriente","Crescimento","Boi",291,7.79,0.02676975945,"Modelo_3",0.787877155172414,-0.238413095728312,-0.230086665621497
62,"Estudo_E","Arquipélago Oriente","Crescimento","Boi",291,7.79,0.02676975945,"Modelo_4",1.12483162715517,0.117633359704537,0.119733634209106
62,"Estudo_E","Arquipélago Oriente","Crescimento","Boi",291,7.79,0.02676975945,"Modelo_5",0.581259717518473,-0.542557603908969,-0.500703575708209
63,"Estudo_BO","Grandvale","Crescimento","Boi",337,8.56,0.02540059347,"Modelo_1",0.489265055537812,-0.714850900490996,-0.643396976460897
63,"Estudo_BO","Grandvale","Crescimento","Boi",337,8.56,0.02540059347,"Modelo_2",0.544829837822492,-0.607281757249924,-0.555174891644543
63,"Estudo_BO","Grandvale","Crescimento","Boi",337,8.56,0.02540059347,"Modelo_3",0.497743000106462,-0.697671399207612,-0.629497660200458
63,"Estudo_BO","Grandvale","Crescimento","Boi",337,8.56,0.02540059347,"Modelo_4",0.586869654707406,-0.532952537120886,-0.492529525116428
63,"Estudo_BO","Grandvale","Crescimento","Boi",337,8.56,0.02540059347,"Modelo_5",0.54258064516129,-0.611418549940345,-0.558620552764762
64,"Estudo_AQ","Grandvale","Crescimento","Boi",322,5.8,0.01801242236,"Modelo_1",0.517148779030703,-0.659424672118855,-0.598295133823895
64,"Estudo_AQ","Grandvale","Crescimento","Boi",322,5.8,0.01801242236,"Modelo_2",0.395722105994203,-0.927043066611116,-0.809295625340648
64,"Estudo_AQ","Grandvale","Crescimento","Boi",322,5.8,0.01801242236,"Modelo_3",0.446905338268722,-0.80540847800617,-0.715491472940516
64,"Estudo_AQ","Grandvale","Crescimento","Boi",322,5.8,0.01801242236,"Modelo_4",0.0800784809561541,-2.52474811323408,-1.77042504917602
64,"Estudo_AQ","Grandvale","Crescimento","Boi",322,5.8,0.01801242236,"Modelo_5",0.325056930734079,-1.12375494050366,-0.953938170376058
65,"Estudo_AL","Monção Dourada","Crescimento","Boi",309.4,3.5,0.01131221719,"Modelo_1",0.303195535225392,-1.19337735083226,-1.00312052122341
65,"Estudo_AL","Monção Dourada","Crescimento","Boi",309.4,3.5,0.01131221719,"Modelo_2",0.330079457484124,-1.1084218732496,-0.942967930789081
65,"Estudo_AL","Monção Dourada","Crescimento","Boi",309.4,3.5,0.01131221719,"Modelo_3",0.27363159579445,-1.29597261819638,-1.07374867054664
65,"Estudo_AL","Monção Dourada","Crescimento","Boi",309.4,3.5,0.01131221719,"Modelo_4",0.384433555758009,-0.955984311840504,-0.831115402822614
65,"Estudo_AL","Monção Dourada","Crescimento","Boi",309.4,3.5,0.01131221719,"Modelo_5",0.324415911194951,-1.12572890987048,-0.955346809192383
66,"Estudo_AL","Monção Dourada","Crescimento","Boi",314,5,0.01592356688,"Modelo_1",0.232176537484921,-1.46025725924693,-1.1824134000944
66,"Estudo_AL","Monção Dourada","Crescimento","Boi",314,5,0.01592356688,"Modelo_2",0.284528137201859,-1.25692312977231,-1.04712232574605
66,"Estudo_AL","Monção Dourada","Crescimento","Boi",314,5,0.01592356688,"Modelo_3",0.191736823500679,-1.65163155817189,-1.30242461604713
66,"Estudo_AL","Monção Dourada","Crescimento","Boi",314,5,0.01592356688,"Modelo_4",0.203345221698782,-1.59285014482098,-1.26629306740906
66,"Estudo_AL","Monção Dourada","Crescimento","Boi",314,5,0.01592356688,"Modelo_5",0.255891053437858,-1.36300349759262,-1.11873343350793
68,"Estudo_AL","Monção Dourada","Crescimento","Boi",311.4,7.6,0.0244059088,"Modelo_1",0.192236144760312,-1.64903074206051,-1.30083939166218
68,"Estudo_AL","Monção Dourada","Crescimento","Boi",311.4,7.6,0.0244059088,"Modelo_2",0.273354182670183,-1.29698695223933,-1.07443615803396
68,"Estudo_AL","Monção Dourada","Crescimento","Boi",311.4,7.6,0.0244059088,"Modelo_3",0.140683240101888,-1.961244439925,-1.48256758337019
68,"Estudo_AL","Monção Dourada","Crescimento","Boi",311.4,7.6,0.0244059088,"Modelo_4",0.0262907001793492,-3.63854000767947,-2.2143608909513
68,"Estudo_AL","Monção Dourada","Crescimento","Boi",311.4,7.6,0.0244059088,"Modelo_5",0.223988829431205,-1.49615909698127,-1.20545568183142
69,"Estudo_AN","Vale do Indus Novo","Crescimento","Novilho",143.54,3.52,0.02452278111,"Modelo_1",0.47316384180791,-0.748313561868652,-0.670265615222307
69,"Estudo_AN","Vale do Indus Novo","Crescimento","Novilho",143.54,3.52,0.02452278111,"Modelo_2",0.415621468926554,-0.877980363423918,-0.771870037055814
69,"Estudo_AN","Vale do Indus Novo","Crescimento","Novilho",143.54,3.52,0.02452278111,"Modelo_3",0.636723163841808,-0.451420311528098,-0.422187645479006
69,"Estudo_AN","Vale do Indus Novo","Crescimento","Novilho",143.54,3.52,0.02452278111,"Modelo_4",0.305084745762712,-1.18716568600955,-0.998774122439006
69,"Estudo_AN","Vale do Indus Novo","Crescimento","Novilho",143.54,3.52,0.02452278111,"Modelo_5",0.234862005649717,-1.4487571473145,-1.17497983845208
70,"Estudo_AN","Vale do Indus Novo","Crescimento","Novilho",144.05,3.91,0.027143353,"Modelo_1",0.286799065420561,-1.24897342890717,-1.0416634107348
70,"Estudo_AN","Vale do Indus Novo","Crescimento","Novilho",144.05,3.91,0.027143353,"Modelo_2",0.225195677570093,-1.49078557663929,-1.20202265730713
70,"Estudo_AN","Vale do Indus Novo","Crescimento","Novilho",144.05,3.91,0.027143353,"Modelo_3",0.428913551401869,-0.846499892244123,-0.747564624389771
70,"Estudo_AN","Vale do Indus Novo","Crescimento","Novilho",144.05,3.91,0.027143353,"Modelo_4",0.199036214953271,-1.61426848612505,-1.27953225979872
70,"Estudo_AN","Vale do Indus Novo","Crescimento","Novilho",144.05,3.91,0.027143353,"Modelo_5",0.0864541471962616,-2.44814109580842,-1.73409020012179
72,"Estudo_AH","Grandvale","Terminação","Boi",503,8.01,0.01592445328,"Modelo_1",0.230760038240927,-1.46637690387615,-1.18635863715416
72,"Estudo_AH","Grandvale","Terminação","Boi",503,8.01,0.01592445328,"Modelo_2",0.102551983747618,-2.27738545045174,-1.65003162184137
72,"Estudo_AH","Grandvale","Terminação","Boi",503,8.01,0.01592445328,"Modelo_3",0.208550430210334,-1.56757439547709,-1.25055969438256
72,"Estudo_AH","Grandvale","Terminação","Boi",503,8.01,0.01592445328,"Modelo_4",0.0236376673040078,-3.74491376711641,-2.24950592364015
72,"Estudo_AH","Grandvale","Terminação","Boi",503,8.01,0.01592445328,"Modelo_5",0.252734823135765,-1.37541446982504,-1.1269637035109
75,"Estudo_AH","Grandvale","Terminação","Boi",503,6.88,0.01367793241,"Modelo_1",0.0148325072959571,-4.21093406794169,-2.39091632283319
75,"Estudo_AH","Grandvale","Terminação","Boi",503,6.88,0.01367793241,"Modelo_2",0.106573443946858,-2.238920916983,-1.63049489345094
75,"Estudo_AH","Grandvale","Terminação","Boi",503,6.88,0.01367793241,"Modelo_3",0.0453523211859644,-3.09329391991685,-2.01550572664529
75,"Estudo_AH","Grandvale","Terminação","Boi",503,6.88,0.01367793241,"Modelo_4",0.25517007145013,-1.36582500927067,-1.12060719621342
75,"Estudo_AH","Grandvale","Terminação","Boi",503,6.88,0.01367793241,"Modelo_5",0.0109811735810683,-4.51157296509069,-2.47219410754492
79,"Estudo_L","Ilha Verdejante","Crescimento","Novilha",422.5595128,10.02,0.0237126362,"Modelo_1",0.176326530612245,-1.73541771529466,-1.35283699397187
79,"Estudo_L","Ilha Verdejante","Crescimento","Novilha",422.5595128,10.02,0.0237126362,"Modelo_2",0.274536734693878,-1.29267020296477,-1.07150893520718
79,"Estudo_L","Ilha Verdejante","Crescimento","Novilha",422.5595128,10.02,0.0237126362,"Modelo_3",0.118397959183673,-2.13370379330517,-1.57588724973858
79,"Estudo_L","Ilha Verdejante","Crescimento","Novilha",422.5595128,10.02,0.0237126362,"Modelo_4",0.0735714285714285,-2.60949852737372,-1.80966127983676
79,"Estudo_L","Ilha Verdejante","Crescimento","Novilha",422.5595128,10.02,0.0237126362,"Modelo_5",0.155036084183673,-1.86409738797189,-1.4278349594814
80,"Estudo_AO","Grandvale","Crescimento","Boi",293.9,4.53,0.01541340592,"Modelo_1",0.137619047619048,-1.98326593559908,-1.49475427266418
80,"Estudo_AO","Grandvale","Crescimento","Boi",293.9,4.53,0.01541340592,"Modelo_2",0.0692404761904761,-2.67016967130789,-1.83714329428549
80,"Estudo_AO","Grandvale","Crescimento","Boi",293.9,4.53,0.01541340592,"Modelo_3",0.0448095238095238,-3.10533457712018,-2.02025739264102
80,"Estudo_AO","Grandvale","Crescimento","Boi",293.9,4.53,0.01541340592,"Modelo_4",0.266571428571429,-1.32211304663016,-1.09139932409206
80,"Estudo_AO","Grandvale","Crescimento","Boi",293.9,4.53,0.01541340592,"Modelo_5",0.065387619047619,-2.7274223496391,-1.86262212433575
81,"Estudo_AO","Grandvale","Crescimento","Boi",300.1,4.55,0.0151616128,"Modelo_1",0.87843137254902,-0.129617493303386,-0.127129738983988
81,"Estudo_AO","Grandvale","Crescimento","Boi",300.1,4.55,0.0151616128,"Modelo_2",0.764843137254902,-0.268084515521089,-0.257587406511088
81,"Estudo_AO","Grandvale","Crescimento","Boi",300.1,4.55,0.0151616128,"Modelo_3",0.726039215686275,-0.32015124951936,-0.30525734806612
81,"Estudo_AO","Grandvale","Crescimento","Boi",300.1,4.55,0.0151616128,"Modelo_4",0.213333333333333,-1.54489939129653,-1.23634332547847
81,"Estudo_AO","Grandvale","Crescimento","Boi",300.1,4.55,0.0151616128,"Modelo_5",0.555901176470588,-0.587164740690022,-0.538357718171292
82,"Estudo_X","Ilha Verdejante","Crescimento","Novilho",338,6.32,0.01869822485,"Modelo_1",0.586571041781519,-0.533461489866818,-0.492963242473993
82,"Estudo_X","Ilha Verdejante","Crescimento","Novilho",338,6.32,0.01869822485,"Modelo_2",0.449017609833762,-0.800693171889234,-0.711785674741297
82,"Estudo_X","Ilha Verdejante","Crescimento","Novilho",338,6.32,0.01869822485,"Modelo_3",0.525488598905002,-0.643426784609331,-0.585137134015456
82,"Estudo_X","Ilha Verdejante","Crescimento","Novilho",338,6.32,0.01869822485,"Modelo_4",0.165148275659647,-1.80091156825557,-1.39137030093206
82,"Estudo_X","Ilha Verdejante","Crescimento","Novilho",338,6.32,0.01869822485,"Modelo_5",0.41306762348034,-0.88414396218405,-0.776602010408913
83,"Estudo_X","Ilha Verdejante","Crescimento","Novilho",338,7.88,0.02331360947,"Modelo_1",0.375577446208377,-0.979290580819483,-0.848549592151977
83,"Estudo_X","Ilha Verdejante","Crescimento","Novilho",338,7.88,0.02331360947,"Modelo_2",0.233877567969316,-1.45295751435488,-1.17769788863558
83,"Estudo_X","Ilha Verdejante","Crescimento","Novilho",338,7.88,0.02331360947,"Modelo_3",0.348888649852213,-1.05300246255326,-0.902893929666409
83,"Estudo_X","Ilha Verdejante","Crescimento","Novilho",338,7.88,0.02331360947,"Modelo_4",0.0858712710316686,-2.45490595259445,-1.73733250417922
83,"Estudo_X","Ilha Verdejante","Crescimento","Novilho",338,7.88,0.02331360947,"Modelo_5",0.234825962555093,-1.44891062407837,-1.17507921329721
84,"Estudo_BU","Vale do Indus Novo","Crescimento","Novilho",130.83,3.63,0.02774592983,"Modelo_1",0.913750282230752,-0.0901979590473324,-0.0889885415281591
84,"Estudo_BU","Vale do Indus Novo","Crescimento","Novilho",130.83,3.63,0.02774592983,"Modelo_2",0.834052833596749,-0.181458528993504,-0.176607866579654
84,"Estudo_BU","Vale do Indus Novo","Crescimento","Novilho",130.83,3.63,0.02774592983,"Modelo_3",0.996974486340032,-0.00303009977900113,-0.00302872297051874
84,"Estudo_BU","Vale do Indus Novo","Crescimento","Novilho",130.83,3.63,0.02774592983,"Modelo_4",0.72115601715963,-0.32689977514824,-0.311381660979674
84,"Estudo_BU","Vale do Indus Novo","Crescimento","Novilho",130.83,3.63,0.02774592983,"Modelo_5",0.452916414540528,-0.79204768588723,-0.704977483463713
87,"Estudo_CP","Grandvale","Crescimento","Boi",325,4.066,0.01251076923,"Modelo_1",0.243211805483604,-1.41382258778371,-1.15224054993753
87,"Estudo_CP","Grandvale","Crescimento","Boi",325,4.066,0.01251076923,"Modelo_2",0.179631617410381,-1.71684709512023,-1.34177248779652
87,"Estudo_CP","Grandvale","Crescimento","Boi",325,4.066,0.01251076923,"Modelo_3",0.222478715012564,-1.50292384481671,-1.20976966961599
87,"Estudo_CP","Grandvale","Crescimento","Boi",325,4.066,0.01251076923,"Modelo_4",0.17958133192976,-1.71712707100106,-1.34193975747229
87,"Estudo_CP","Grandvale","Crescimento","Boi",325,4.066,0.01251076923,"Modelo_5",0.147252188592656,-1.91560859345288,-1.45705495985738
88,"Estudo_CP","Grandvale","Crescimento","Boi",325,4.066,0.01251076923,"Modelo_1",0.173498993961159,-1.7515834781068,-1.3624186112908
88,"Estudo_CP","Grandvale","Crescimento","Boi",325,4.066,0.01251076923,"Modelo_2",0.113484050078958,-2.17609297987435,-1.59809475969819
88,"Estudo_CP","Grandvale","Crescimento","Boi",325,4.066,0.01251076923,"Modelo_3",0.153928506694103,-1.87126702660839,-1.43192907533221
88,"Estudo_CP","Grandvale","Crescimento","Boi",325,4.066,0.01251076923,"Modelo_4",0.113436584344914,-2.17651132644611,-1.59831252536522
88,"Estudo_CP","Grandvale","Crescimento","Boi",325,4.066,0.01251076923,"Modelo_5",0.0829202901668995,-2.48987549206106,-1.75398840822072
89,"Estudo_CP","Grandvale","Crescimento","Boi",325,4.066,0.01251076923,"Modelo_1",0.151966902328844,-1.88409252968292,-1.43923095862196
89,"Estudo_CP","Grandvale","Crescimento","Boi",325,4.066,0.01251076923,"Modelo_2",0.0930531500775087,-2.37458444286659,-1.69840745091746
89,"Estudo_CP","Grandvale","Crescimento","Boi",325,4.066,0.01251076923,"Modelo_3",0.132755506571275,-2.01924613895749,-1.51449328351665
89,"Estudo_CP","Grandvale","Crescimento","Boi",325,4.066,0.01251076923,"Modelo_4",0.0930065552743652,-2.37508530149183,-1.6986530924812
89,"Estudo_CP","Grandvale","Crescimento","Boi",325,4.066,0.01251076923,"Modelo_5",0.0630501930996169,-2.76382415393328,-1.87859570797874
90,"Estudo_CP","Grandvale","Crescimento","Boi",325,4.066,0.01251076923,"Modelo_1",0.141494475944036,-1.95549460192566,-1.47937234737796
90,"Estudo_CP","Grandvale","Crescimento","Boi",325,4.066,0.01251076923,"Modelo_2",0.0831163032586222,-2.48751440793209,-1.75286932205797
90,"Estudo_CP","Grandvale","Crescimento","Boi",325,4.066,0.01251076923,"Modelo_3",0.122457729238809,-2.09998937598512,-1.55802167170477
90,"Estudo_CP","Grandvale","Crescimento","Boi",325,4.066,0.01251076923,"Modelo_4",0.0830701320445982,-2.48807006357424,-1.75313275822391
90,"Estudo_CP","Grandvale","Crescimento","Boi",325,4.066,0.01251076923,"Modelo_5",0.0533861004350749,-2.93020485837569,-1.94942538064128
91,"Estudo_CP","Grandvale","Crescimento","Boi",325,4.066,0.01251076923,"Modelo_1",0.101442038191614,-2.28826769591213,-1.65551809192381
91,"Estudo_CP","Grandvale","Crescimento","Boi",325,4.066,0.01251076923,"Modelo_2",0.0451122224425302,-3.09860206159452,-2.017602621303
91,"Estudo_CP","Grandvale","Crescimento","Boi",325,4.066,0.01251076923,"Modelo_3",0.0830732475111317,-2.48803256022572,-1.75311497928003
91,"Estudo_CP","Grandvale","Crescimento","Boi",325,4.066,0.01251076923,"Modelo_4",0.0450676712711036,-3.09959011277126,-2.01799256629079
91,"Estudo_CP","Grandvale","Crescimento","Boi",325,4.066,0.01251076923,"Modelo_5",0.0164251846303354,-4.10893947386274,-2.3616341823035
92,"Estudo_CP","Grandvale","Crescimento","Boi",325,4.066,0.01251076923,"Modelo_1",0.0208487183239351,-3.87046280390086,-2.28956875624748
92,"Estudo_CP","Grandvale","Crescimento","Boi",325,4.066,0.01251076923,"Modelo_2",0.03135940358985,-3.46224110186158,-2.15358578468246
92,"Estudo_CP","Grandvale","Crescimento","Boi",325,4.066,0.01251076923,"Modelo_3",0.00382398549812211,-5.56646207613226,-2.7058045997878
92,"Estudo_CP","Grandvale","Crescimento","Boi",325,4.066,0.01251076923,"Modelo_4",0.0314006949194649,-3.46092525511967,-2.15311998265945
92,"Estudo_CP","Grandvale","Crescimento","Boi",325,4.066,0.01251076923,"Modelo_5",0.0579473898548111,-2.84821975154276,-1.91496538443509
93,"Estudo_CP","Grandvale","Crescimento","Boi",325,4.066,0.01251076923,"Modelo_1",0.0126160673697098,-4.37278408931427,-2.43558223501849
93,"Estudo_CP","Grandvale","Crescimento","Boi",325,4.066,0.01251076923,"Modelo_2",0.0391710213028352,-3.23981805804627,-2.07217906585695
93,"Estudo_CP","Grandvale","Crescimento","Boi",325,4.066,0.01251076923,"Modelo_3",0.00427136922363697,-5.45582084186915,-2.68462589235894
93,"Estudo_CP","Grandvale","Crescimento","Boi",325,4.066,0.01251076923,"Modelo_4",0.0392119796378564,-3.23877297586627,-2.07178360091083
93,"Estudo_CP","Grandvale","Crescimento","Boi",325,4.066,0.01251076923,"Modelo_5",0.0655445883237239,-2.72502463017101,-1.86156383789095
94,"Estudo_CP","Grandvale","Crescimento","Boi",325,4.066,0.01251076923,"Modelo_1",0.0126160673697098,-4.37278408931427,-2.43558223501849
94,"Estudo_CP","Grandvale","Crescimento","Boi",325,4.066,0.01251076923,"Modelo_2",0.0391710213028352,-3.23981805804627,-2.07217906585695
94,"Estudo_CP","Grandvale","Crescimento","Boi",325,4.066,0.01251076923,"Modelo_3",0.00427136922363697,-5.45582084186915,-2.68462589235894
94,"Estudo_CP","Grandvale","Crescimento","Boi",325,4.066,0.01251076923,"Modelo_4",0.0392119796378564,-3.23877297586627,-2.07178360091083
94,"Estudo_CP","Grandvale","Crescimento","Boi",325,4.066,0.01251076923,"Modelo_5",0.0655445883237239,-2.72502463017101,-1.86156383789095
95,"Estudo_CQ","Grandvale","Crescimento","Boi",347,7.4,0.02132564841,"Modelo_1",0.805555555555556,-0.216223108469635,-0.209359450465201
95,"Estudo_CQ","Grandvale","Crescimento","Boi",347,7.4,0.02132564841,"Modelo_2",0.627722222222222,-0.465657531669056,-0.43459511603935
95,"Estudo_CQ","Grandvale","Crescimento","Boi",347,7.4,0.02132564841,"Modelo_3",1.00999166666667,0.00994207999405058,0.00995692148910635
95,"Estudo_CQ","Grandvale","Crescimento","Boi",347,7.4,0.02132564841,"Modelo_4",1.15833333333333,0.146982190348643,0.150270915247199
95,"Estudo_CQ","Grandvale","Crescimento","Boi",347,7.4,0.02132564841,"Modelo_5",0.872652777777778,-0.136217536764145,-0.133471783166954
97,"Estudo_CQ","Grandvale","Crescimento","Boi",327,7.4,0.02262996942,"Modelo_1",0.477272727272727,-0.739667196194839,-0.663348891230285
97,"Estudo_CQ","Grandvale","Crescimento","Boi",327,7.4,0.02262996942,"Modelo_2",0.331772727272727,-1.10330510088882,-0.939295826424646
97,"Estudo_CQ","Grandvale","Crescimento","Boi",327,7.4,0.02262996942,"Modelo_3",0.644538636363636,-0.439220510589552,-0.411513504666714
97,"Estudo_CQ","Grandvale","Crescimento","Boi",327,7.4,0.02262996942,"Modelo_4",0.765909090909091,-0.266691796559945,-0.256302043105705
97,"Estudo_CQ","Grandvale","Crescimento","Boi",327,7.4,0.02262996942,"Modelo_5",0.509534090909091,-0.674258518039433,-0.610439432355435
98,"Estudo_CQ","Grandvale","Crescimento","Boi",335,7.6,0.02268656716,"Modelo_1",0.454945054945055,-0.787578625685581,-0.701451235982754
98,"Estudo_CQ","Grandvale","Crescimento","Boi",335,7.6,0.02268656716,"Modelo_2",0.308835164835165,-1.17494759155332,-0.990201260946865
98,"Estudo_CQ","Grandvale","Crescimento","Boi",335,7.6,0.02268656716,"Modelo_3",0.619334065934066,-0.479110465391157,-0.446270499901349
98,"Estudo_CQ","Grandvale","Crescimento","Boi",335,7.6,0.02268656716,"Modelo_4",0.753846153846154,-0.28256697178501,-0.270921725241459
98,"Estudo_CQ","Grandvale","Crescimento","Boi",335,7.6,0.02268656716,"Modelo_5",0.49336043956044,-0.706515257346564,-0.636661853868312
100,"Estudo_CQ","Grandvale","Crescimento","Boi",334,7.6,0.02275449102,"Modelo_1",0.285436893203884,-1.253734313885,-1.04493418748259
100,"Estudo_CQ","Grandvale","Crescimento","Boi",334,7.6,0.02275449102,"Modelo_2",0.156349514563107,-1.85566129989214,-1.42300636625775
100,"Estudo_CQ","Grandvale","Crescimento","Boi",334,7.6,0.02275449102,"Modelo_3",0.430673786407767,-0.84240435153777,-0.744385635536545
100,"Estudo_CQ","Grandvale","Crescimento","Boi",334,7.6,0.02275449102,"Modelo_4",0.549514563106796,-0.598720003020499,-0.54802994664677
100,"Estudo_CQ","Grandvale","Crescimento","Boi",334,7.6,0.02275449102,"Modelo_5",0.318409708737864,-1.14441633320963,-0.968641041392492
104,"Estudo_CS","Grandvale","Terminação","Boi",397,7.319,0.01843576826,"Modelo_1",0.561195626195047,-0.577685724449478,-0.530398320671898
104,"Estudo_CS","Grandvale","Terminação","Boi",397,7.319,0.01843576826,"Modelo_2",0.408682489842273,-0.894816732876883,-0.784775141073937
104,"Estudo_CS","Grandvale","Terminação","Boi",397,7.319,0.01843576826,"Modelo_3",0.521179612810726,-0.651660550362329,-0.591917157923313
104,"Estudo_CS","Grandvale","Terminação","Boi",397,7.319,0.01843576826,"Modelo_4",0.204381333652022,-1.58776774746453,-1.26313900749727
104,"Estudo_CS","Grandvale","Terminação","Boi",397,7.319,0.01843576826,"Modelo_5",0.468970766610916,-0.757214843798544,-0.677367543529287
108,"Estudo_AW","Grandvale","Terminação","Boi",375,6.145,0.01638666667,"Modelo_1",0.409269249632173,-0.893382027472565,-0.78367797591106
108,"Estudo_AW","Grandvale","Terminação","Boi",375,6.145,0.01638666667,"Modelo_2",0.290133643943109,-1.23741362097317,-1.0337022350183
108,"Estudo_AW","Grandvale","Terminação","Boi",375,6.145,0.01638666667,"Modelo_3",0.344445806768024,-1.06581851071997,-0.912220577101754
108,"Estudo_AW","Grandvale","Terminação","Boi",375,6.145,0.01638666667,"Modelo_4",0.0246689553702796,-3.70220969346876,-2.23553144604702
108,"Estudo_AW","Grandvale","Terminação","Boi",375,6.145,0.01638666667,"Modelo_5",0.292195929377146,-1.23033071071006,-1.02881061561132
109,"Estudo_AW","Grandvale","Terminação","Boi",373,6.231,0.01670509383,"Modelo_1",0.533818278005555,-0.627699801298654,-0.572140247123299
109,"Estudo_AW","Grandvale","Terminação","Boi",373,6.231,0.01670509383,"Modelo_2",0.402509456421108,-0.910036688185571,-0.796385297529981
109,"Estudo_AW","Grandvale","Terminação","Boi",373,6.231,0.01670509383,"Modelo_3",0.465258563682053,-0.765161977004667,-0.683692195282695
109,"Estudo_AW","Grandvale","Terminação","Boi",373,6.231,0.01670509383,"Modelo_4",0.120772384605211,-2.11384762387686,-1.5653871629028
109,"Estudo_AW","Grandvale","Terminação","Boi",373,6.231,0.01670509383,"Modelo_5",0.404101309350615,-0.90608966673811,-0.79337950179763
110,"Estudo_BM","Monção Dourada","Crescimento","Vaca",98,2.75,0.02806122449,"Modelo_1",0.3415625,-1.07422460061128,-0.918318512341046
110,"Estudo_BM","Monção Dourada","Crescimento","Vaca",98,2.75,0.02806122449,"Modelo_2",0.3168828125,-1.14922325010827,-0.97204864759145
110,"Estudo_BM","Monção Dourada","Crescimento","Vaca",98,2.75,0.02806122449,"Modelo_3",0.389113839285715,-0.943883332197471,-0.822015107972765
110,"Estudo_BM","Monção Dourada","Crescimento","Vaca",98,2.75,0.02806122449,"Modelo_4",0.0441406250000002,-3.12037471876126,-2.02616870101499
110,"Estudo_BM","Monção Dourada","Crescimento","Vaca",98,2.75,0.02806122449,"Modelo_5",0.0754464732142855,-2.58433183821021,-1.7981140094167
112,"Estudo_AK","Grandvale","Terminação","Boi",449,7.2,0.01603563474,"Modelo_1",0.0569105691056912,-2.8662742063171,-1.92262697482506
112,"Estudo_AK","Grandvale","Terminação","Boi",449,7.2,0.01603563474,"Modelo_2",0.147908351810791,-1.91116244155078,-1.4545506244326
112,"Estudo_AK","Grandvale","Terminação","Boi",449,7.2,0.01603563474,"Modelo_3",0.082409460458241,-2.49605503727061,-1.75691358595261
112,"Estudo_AK","Grandvale","Terminação","Boi",449,7.2,0.01603563474,"Modelo_4",0.276274944567628,-1.28635873314932,-1.06722224726765
112,"Estudo_AK","Grandvale","Terminação","Boi",449,7.2,0.01603563474,"Modelo_5",0.0743503325942352,-2.59896713272707,-1.80483974971974
113,"Estudo_AK","Grandvale","Terminação","Boi",449,7.8,0.01737193764,"Modelo_1",0.0500352360817477,-2.99502780011873,-1.97607808010483
113,"Estudo_AK","Grandvale","Terminação","Boi",449,7.8,0.01737193764,"Modelo_2",0.147202255109232,-1.91594775276917,-1.45724585733262
113,"Estudo_AK","Grandvale","Terminação","Boi",449,7.8,0.01737193764,"Modelo_3",0.0692741367159973,-2.66968365000692,-1.8369251243118
113,"Estudo_AK","Grandvale","Terminação","Boi",449,7.8,0.01737193764,"Modelo_4",0.252431289640592,-1.37661618753343,-1.1277589901824
113,"Estudo_AK","Grandvale","Terminação","Boi",449,7.8,0.01737193764,"Modelo_5",0.0696236786469345,-2.66465055905575,-1.83466395005222
115,"Estudo_AK","Grandvale","Terminação","Boi",449,7.9,0.01759465479,"Modelo_1",0.214326978625072,-1.54025249256878,-1.23341793679462
115,"Estudo_AK","Grandvale","Terminação","Boi",449,7.9,0.01759465479,"Modelo_2",0.295401502021953,-1.21941982419246,-1.02125494073569
115,"Estudo_AK","Grandvale","Terminação","Boi",449,7.9,0.01759465479,"Modelo_3",0.229404968226459,-1.472266417039,-1.19014867866332
115,"Estudo_AK","Grandvale","Terminação","Boi",449,7.9,0.01759465479,"Modelo_4",0.379318313113807,-0.969379550108717,-0.841150567418198
115,"Estudo_AK","Grandvale","Terminação","Boi",449,7.9,0.01759465479,"Modelo_5",0.230789139225881,-1.46625080253565,-1.18627741470167
116,"Estudo_CN","Reino Litoral","Terminação","Boi",655,10.2,0.01557251908,"Modelo_1",0.220952380952381,-1.50980807148526,-1.21415087196205
116,"Estudo_CN","Reino Litoral","Terminação","Boi",655,10.2,0.01557251908,"Modelo_2",0.31472380952381,-1.15605981992872,-0.976886610920451
116,"Estudo_CN","Reino Litoral","Terminação","Boi",655,10.2,0.01557251908,"Modelo_3",0.190328571428571,-1.65900337707129,-1.30691110056535
116,"Estudo_CN","Reino Litoral","Terminação","Boi",655,10.2,0.01557251908,"Modelo_4",0.0199999999999999,-3.91202300542815,-2.30250168429669
116,"Estudo_CN","Reino Litoral","Terminação","Boi",655,10.2,0.01557251908,"Modelo_5",0.115309523809524,-2.16013525486227,-1.58976770547902
118,"Estudo_CN","Reino Litoral","Terminação","Boi",677,10.3,0.01521418021,"Modelo_1",0.330081300813008,-1.10841628876473,-0.942963926097898
118,"Estudo_CN","Reino Litoral","Terminação","Boi",677,10.3,0.01521418021,"Modelo_2",0.411130081300813,-0.888845615045948,-0.780205727240074
118,"Estudo_CN","Reino Litoral","Terminação","Boi",677,10.3,0.01521418021,"Modelo_3",0.303451219512195,-1.19253440788418,-1.00253117577161
118,"Estudo_CN","Reino Litoral","Terminação","Boi",677,10.3,0.01521418021,"Modelo_4",0.120731707317073,-2.11418449012371,-1.56556582229232
118,"Estudo_CN","Reino Litoral","Terminação","Boi",677,10.3,0.01521418021,"Modelo_5",0.231275609756098,-1.46414516383013,-1.18492070902343
120,"Estudo_AV","Grandvale","Terminação","Boi",555,6.25,0.01126126126,"Modelo_1",0.168573224387178,-1.78038505749021,-1.37937488771399
120,"Estudo_AV","Grandvale","Terminação","Boi",555,6.25,0.01126126126,"Modelo_2",0.0682589566310496,-2.68444662083795,-1.84353789909478
120,"Estudo_AV","Grandvale","Terminação","Boi",555,6.25,0.01126126126,"Modelo_3",0.110928975487115,-2.19886514294433,-1.60990889945135
120,"Estudo_AV","Grandvale","Terminação","Boi",555,6.25,0.01126126126,"Modelo_4",0.145191703331238,-1.92970031781599,-1.46497021642717
120,"Estudo_AV","Grandvale","Terminação","Boi",555,6.25,0.01126126126,"Modelo_5",0.246501571338781,-1.40038691092019,-1.14343147111939
121,"Estudo_AV","Grandvale","Terminação","Boi",555,6.25,0.01126126126,"Modelo_1",0.0666666666666666,-2.70805020110221,-1.85404998856108
121,"Estudo_AV","Grandvale","Terminação","Boi",555,6.25,0.01126126126,"Modelo_2",0.146787148594378,-1.91877171026892,-1.45883458165351
121,"Estudo_AV","Grandvale","Terminação","Boi",555,6.25,0.01126126126,"Modelo_3",0.112706827309237,-2.18296528027493,-1.60166859858154
121,"Estudo_AV","Grandvale","Terminação","Boi",555,6.25,0.01126126126,"Modelo_4",0.317269076305221,-1.14800504399769,-0.971185530452973
121,"Estudo_AV","Grandvale","Terminação","Boi",555,6.25,0.01126126126,"Modelo_5",0.004425702811245,-5.42032618573398,-2.67768128926886
123,"Estudo_D","Monção Dourada","Crescimento","Novilho",238,3,0.01260504202,"Modelo_1",0.148529411764706,-1.90697228132889,-1.4521874192408
123,"Estudo_D","Monção Dourada","Crescimento","Novilho",238,3,0.01260504202,"Modelo_2",0.170367647058823,-1.76979654729177,-1.37315816639027
123,"Estudo_D","Monção Dourada","Crescimento","Novilho",238,3,0.01260504202,"Modelo_3",0.0885029411764705,-2.42471949388804,-1.72281357822263
123,"Estudo_D","Monção Dourada","Crescimento","Novilho",238,3,0.01260504202,"Modelo_4",0.305147058823529,-1.1869614584994,-0.998631083692699
123,"Estudo_D","Monção Dourada","Crescimento","Novilho",238,3,0.01260504202,"Modelo_5",0.224019117647059,-1.49602388413026,-1.2053693651596
124,"Estudo_AS","Península Matina","Crescimento","Boi",392,6,0.01530612245,"Modelo_1",0.0378821143081432,-3.27327619627304,-2.08477450923675
124,"Estudo_AS","Península Matina","Crescimento","Boi",392,6,0.01530612245,"Modelo_2",0.117435324644502,-2.14186752549676,-1.58018617904392
124,"Estudo_AS","Península Matina","Crescimento","Boi",392,6,0.01530612245,"Modelo_3",0.0470734848481056,-3.05604539087075,-2.0006969982751
124,"Estudo_AS","Península Matina","Crescimento","Boi",392,6,0.01530612245,"Modelo_4",0.0709086006817487,-2.64636354558329,-1.82641949961293
124,"Estudo_AS","Península Matina","Crescimento","Boi",392,6,0.01530612245,"Modelo_5",0.0674732737781399,-2.69602370353774,-1.84870316957243
125,"Estudo_AS","Península Matina","Crescimento","Boi",392,6,0.01530612245,"Modelo_1",0.0192846402872021,-3.94844633996144,-2.31370426532848
125,"Estudo_AS","Península Matina","Crescimento","Boi",392,6,0.01530612245,"Modelo_2",0.0649954324432591,-2.73343828165927,-1.86527404015052
125,"Estudo_AS","Península Matina","Crescimento","Boi",392,6,0.01530612245,"Modelo_3",0.00954714038838771,-4.65151360510026,-2.50759824830215
125,"Estudo_AS","Península Matina","Crescimento","Boi",392,6,0.01530612245,"Modelo_4",0.134539440602363,-2.00589788424702,-1.50719517864607
125,"Estudo_AS","Península Matina","Crescimento","Boi",392,6,0.01530612245,"Modelo_5",0.0120647554413344,-4.41746685020305,-2.44753613532861
126,"Estudo_AS","Península Matina","Crescimento","Boi",392,6,0.01530612245,"Modelo_1",0.295601669956662,-1.21874244054427,-1.02078504376329
126,"Estudo_AS","Península Matina","Crescimento","Boi",392,6,0.01530612245,"Modelo_2",0.188474182052118,-1.66879424671542,-1.31285449841476
126,"Estudo_AS","Península Matina","Crescimento","Boi",392,6,0.01530612245,"Modelo_3",0.283224439268135,-1.26151562403517,-1.05026998019121
126,"Estudo_AS","Península Matina","Crescimento","Boi",392,6,0.01530612245,"Modelo_4",0.442100798715013,-0.816217371512773,-0.72396651680318
126,"Estudo_AS","Península Matina","Crescimento","Boi",392,6,0.01530612245,"Modelo_5",0.255753792481946,-1.36354004539643,-1.11908987643363
127,"Estudo_AS","Península Matina","Crescimento","Boi",392,6,0.01530612245,"Modelo_1",0.137171073944945,-1.98652641722346,-1.49655178937801
127,"Estudo_AS","Península Matina","Crescimento","Boi",392,6,0.01530612245,"Modelo_2",0.043143501046317,-3.14322348585932,-2.03509819194565
127,"Estudo_AS","Península Matina","Crescimento","Boi",392,6,0.01530612245,"Modelo_3",0.126307373286851,-2.06903687217806,-1.54145979368036
127,"Estudo_AS","Península Matina","Crescimento","Boi",392,6,0.01530612245,"Modelo_4",0.265755789019992,-1.32517747829088,-1.09345945304605
127,"Estudo_AS","Península Matina","Crescimento","Boi",392,6,0.01530612245,"Modelo_5",0.102195930987724,-2.28086341621528,-1.65178704560324
128,"Estudo_CE","Campo Rico","Crescimento","Novilho",290,5.89,0.02031034483,"Modelo_1",0.251454138702461,-1.38049465715398,-1.13032377370353
128,"Estudo_CE","Campo Rico","Crescimento","Novilho",290,5.89,0.02031034483,"Modelo_2",0.149782997762863,-1.89856771392094,-1.44743836940856
128,"Estudo_CE","Campo Rico","Crescimento","Novilho",290,5.89,0.02031034483,"Modelo_3",0.233601789709172,-1.45413736663116,-1.1784607530334
128,"Estudo_CE","Campo Rico","Crescimento","Novilho",290,5.89,0.02031034483,"Modelo_4",0.383557046979866,-0.958266915704639,-0.832828287975067
128,"Estudo_CE","Campo Rico","Crescimento","Novilho",290,5.89,0.02031034483,"Modelo_5",0.095559284116331,-2.34800844800999,-1.68532041554074
130,"Estudo_CE","Campo Rico","Crescimento","Novilho",290,5.95,0.02051724138,"Modelo_1",0.077511961722488,-2.55732300972647,-1.78562413459528
130,"Estudo_CE","Campo Rico","Crescimento","Novilho",290,5.95,0.02051724138,"Modelo_2",0.0108803827751196,-4.52079385663647,-2.47457295718283
130,"Estudo_CE","Campo Rico","Crescimento","Novilho",290,5.95,0.02051724138,"Modelo_3",0.0629282296650717,-2.76576041365099,-1.87944048755723
130,"Estudo_CE","Campo Rico","Crescimento","Novilho",290,5.95,0.02051724138,"Modelo_4",0.195693779904306,-1.63120418891606,-1.28994056598401
130,"Estudo_CE","Campo Rico","Crescimento","Novilho",290,5.95,0.02051724138,"Modelo_5",0.0562583732057417,-2.87780039198475,-1.92749656981782
131,"Estudo_CE","Campo Rico","Crescimento","Novilho",290,5.49,0.01893103448,"Modelo_1",0.0016838166510757,-6.38669224612297,-2.84268855047601
131,"Estudo_CE","Campo Rico","Crescimento","Novilho",290,5.49,0.01893103448,"Modelo_2",0.0741384471468663,-2.60182102635526,-1.8061478370982
131,"Estudo_CE","Campo Rico","Crescimento","Novilho",290,5.49,0.01893103448,"Modelo_3",0.0177362020579981,-4.03214741419817,-2.3389887011253
131,"Estudo_CE","Campo Rico","Crescimento","Novilho",290,5.49,0.01893103448,"Modelo_4",0.0784845650140318,-2.54485329755188,-1.77982344494905
131,"Estudo_CE","Campo Rico","Crescimento","Novilho",290,5.49,0.01893103448,"Modelo_5",0.126071094480823,-2.07090928924398,-1.54246605141247
133,"Estudo_BA","Ilhota Central","Crescimento","Boi",542,13,0.02398523985,"Modelo_1",0.0164948453608247,-4.10470734925765,-2.36039969322685
133,"Estudo_BA","Ilhota Central","Crescimento","Boi",542,13,0.02398523985,"Modelo_2",0.120515463917526,-2.1159772030194,-1.56651629656438
133,"Estudo_BA","Ilhota Central","Crescimento","Boi",542,13,0.02398523985,"Modelo_3",0.0934536082474227,-2.37029013429657,-1.69629983072478
133,"Estudo_BA","Ilhota Central","Crescimento","Boi",542,13,0.02398523985,"Modelo_4",0.407216494845361,-0.898410306596306,-0.787521190111162
133,"Estudo_BA","Ilhota Central","Crescimento","Boi",542,13,0.02398523985,"Modelo_5",0.0885731958762887,-2.42392599675541,-1.72243014974471
135,"Estudo_BA","Ilhota Central","Crescimento","Boi",542,13.6,0.02509225092,"Modelo_1",0.0875,-2.43611648561857,-1.72831069937003
135,"Estudo_BA","Ilhota Central","Crescimento","Boi",542,13.6,0.02509225092,"Modelo_2",0.21275,-1.54763751152865,-1.2380651614227
135,"Estudo_BA","Ilhota Central","Crescimento","Boi",542,13.6,0.02509225092,"Modelo_3",0.0176339285714285,-4.03793047294201,-2.34071231155782
135,"Estudo_BA","Ilhota Central","Crescimento","Boi",542,13.6,0.02509225092,"Modelo_4",0.275,-1.29098418131557,-1.07036460035499
135,"Estudo_BA","Ilhota Central","Crescimento","Boi",542,13.6,0.02509225092,"Modelo_5",0.02695,-3.61377198162713,-2.20601550294812
136,"Estudo_BA","Ilhota Central","Crescimento","Boi",542,13.8,0.02546125461,"Modelo_1",0.0929824561403508,-2.37534444727647,-1.69878017368935
136,"Estudo_BA","Ilhota Central","Crescimento","Boi",542,13.8,0.02546125461,"Modelo_2",0.21819298245614,-1.52237536716295,-1.22212554727655
136,"Estudo_BA","Ilhota Central","Crescimento","Boi",542,13.8,0.02546125461,"Modelo_3",0.0232894736842105,-3.75975379370059,-2.2543204069009
136,"Estudo_BA","Ilhota Central","Crescimento","Boi",542,13.8,0.02546125461,"Modelo_4",0.271052631578947,-1.3054422644908,-1.08015880124357
136,"Estudo_BA","Ilhota Central","Crescimento","Boi",542,13.8,0.02546125461,"Modelo_5",0.0341087719298246,-3.37820068642972,-2.12346371737411
138,"Estudo_BF","Campo Rico","Crescimento","Novilho",417,9.8,0.02350119904,"Modelo_1",0.0586666666666667,-2.83588357261209,-1.90970648699026
138,"Estudo_BF","Campo Rico","Crescimento","Novilho",417,9.8,0.02350119904,"Modelo_2",0.0660533333333332,-2.71729278246914,-1.8581460262462
138,"Estudo_BF","Campo Rico","Crescimento","Novilho",417,9.8,0.02350119904,"Modelo_3",0.0842553333333333,-2.47390340809352,-1.74640261967964
138,"Estudo_BF","Campo Rico","Crescimento","Novilho",417,9.8,0.02350119904,"Modelo_4",0.372,-0.98886142470899,-0.855673802737296
138,"Estudo_BF","Campo Rico","Crescimento","Novilho",417,9.8,0.02350119904,"Modelo_5",0.036662,-3.30601448268496,-2.09697718983384
139,"Estudo_BF","Campo Rico","Crescimento","Novilho",417,10.3,0.02470023981,"Modelo_1",0.077124183006536,-2.56233838992082,-1.78795108859103
139,"Estudo_BF","Campo Rico","Crescimento","Novilho",417,10.3,0.02470023981,"Modelo_2",0.0531895424836602,-2.93389347181294,-1.95095594407763
139,"Estudo_BF","Campo Rico","Crescimento","Novilho",417,10.3,0.02470023981,"Modelo_3",0.144199346405229,-1.93655858669892,-1.46881038552365
139,"Estudo_BF","Campo Rico","Crescimento","Novilho",417,10.3,0.02470023981,"Modelo_4",0.413725490196079,-0.882552592242304,-0.775381107382918
139,"Estudo_BF","Campo Rico","Crescimento","Novilho",417,10.3,0.02470023981,"Modelo_5",0.0903967320261438,-2.40354716239072,-1.71255148441459
144,"Estudo_AT","Monção Dourada","Maturo","Não especificado",271.3,4.68,0.01725027645,"Modelo_1",0.2298671875,-1.47025358249707,-1.18885412501351
144,"Estudo_AT","Monção Dourada","Maturo","Não especificado",271.3,4.68,0.01725027645,"Modelo_2",0.278220390625,-1.27934170733689,-1.06244681463563
144,"Estudo_AT","Monção Dourada","Maturo","Não especificado",271.3,4.68,0.01725027645,"Modelo_3",0.1455765625,-1.92705312801757,-1.4634858535618
144,"Estudo_AT","Monção Dourada","Maturo","Não especificado",271.3,4.68,0.01725027645,"Modelo_4",0.22258984375,-1.50242446674312,-1.20945150744465
144,"Estudo_AT","Monção Dourada","Maturo","Não especificado",271.3,4.68,0.01725027645,"Modelo_5",0.24240098828125,-1.41716194772743,-1.15442449197192
145,"Estudo_AT","Monção Dourada","Maturo","Não especificado",273,4.67,0.01710622711,"Modelo_1",0.23081640625,-1.46613266260246,-1.18620131744032
145,"Estudo_AT","Monção Dourada","Maturo","Não especificado",273,4.67,0.01710622711,"Modelo_2",0.27897501953125,-1.27663303689962,-1.06060073972206
145,"Estudo_AT","Monção Dourada","Maturo","Não especificado",273,4.67,0.01710622711,"Modelo_3",0.146620703125,-1.91990627763824,-1.45947249661898
145,"Estudo_AT","Monção Dourada","Maturo","Não especificado",273,4.67,0.01710622711,"Modelo_4",0.2242509765625,-1.49498942325896,-1.20470887403889
145,"Estudo_AT","Monção Dourada","Maturo","Não especificado",273,4.67,0.01710622711,"Modelo_5",0.24195548828125,-1.41900150246526,-1.1556266268572
146,"Estudo_AT","Monção Dourada","Maturo","Não especificado",271.6,4.7,0.01730486009,"Modelo_1",0.22796875,-1.47854672082498,-1.19418283232361
146,"Estudo_AT","Monção Dourada","Maturo","Não especificado",271.6,4.7,0.01730486009,"Modelo_2",0.2767111328125,-1.2847811587648,-1.0661495057977
146,"Estudo_AT","Monção Dourada","Maturo","Não especificado",271.6,4.7,0.01730486009,"Modelo_3",0.14348828125,-1.94150191088019,-1.47157341864433
146,"Estudo_AT","Monção Dourada","Maturo","Não especificado",271.6,4.7,0.01730486009,"Modelo_4",0.219267578125,-1.51746247705534,-1.21901161352394
146,"Estudo_AT","Monção Dourada","Maturo","Não especificado",271.6,4.7,0.01730486009,"Modelo_5",0.2403769375,-1.42554701478326,-1.15989869287703
147,"Estudo_AT","Monção Dourada","Maturo","Não especificado",272.8,4.68,0.01715542522,"Modelo_1",0.241715384615385,-1.41999434160047,-1.15627516400141
147,"Estudo_AT","Monção Dourada","Maturo","Não especificado",272.8,4.68,0.01715542522,"Modelo_2",0.289324692307692,-1.24020571873187,-1.03562766695722
147,"Estudo_AT","Monção Dourada","Maturo","Não especificado",272.8,4.68,0.01715542522,"Modelo_3",0.158721538461538,-1.84060394256451,-1.41435750388609
147,"Estudo_AT","Monção Dourada","Maturo","Não especificado",272.8,4.68,0.01715542522,"Modelo_4",0.23455,-1.45008649420767,-1.1758404269914
147,"Estudo_AT","Monção Dourada","Maturo","Não especificado",272.8,4.68,0.01715542522,"Modelo_5",0.252892761538462,-1.37478974754872,-1.12655015428184
148,"Estudo_CG","Terra Nortenha","Crescimento","Boi",501.2,9.62,0.01919393456,"Modelo_1",0.614678899082569,-0.486655262838177,-0.452797801328099
148,"Estudo_CG","Terra Nortenha","Crescimento","Boi",501.2,9.62,0.01919393456,"Modelo_2",0.426397278631069,-0.852383788348174,-0.752124916692525
148,"Estudo_CG","Terra Nortenha","Crescimento","Boi",501.2,9.62,0.01919393456,"Modelo_3",0.616408102257499,-0.48384603114252,-0.450369150560347
148,"Estudo_CG","Terra Nortenha","Crescimento","Boi",501.2,9.62,0.01919393456,"Modelo_4",0.348644469642305,-1.0537025876457,-0.903404359543465
148,"Estudo_CG","Terra Nortenha","Crescimento","Boi",501.2,9.62,0.01919393456,"Modelo_5",0.633664261416349,-0.456236020934909,-0.426390378379037
150,"Estudo_CG","Terra Nortenha","Crescimento","Boi",529.1,11.07,0.02092232092,"Modelo_1",0.31143093964283,-1.16657766792552,-0.984310317080809
150,"Estudo_CG","Terra Nortenha","Crescimento","Boi",529.1,11.07,0.02092232092,"Modelo_2",0.146920352648632,-1.91786465775699,-1.45832443160633
150,"Estudo_CG","Terra Nortenha","Crescimento","Boi",529.1,11.07,0.02092232092,"Modelo_3",0.32580626930902,-1.12145234018466,-0.952293963730452
150,"Estudo_CG","Terra Nortenha","Crescimento","Boi",529.1,11.07,0.02092232092,"Modelo_4",0.134443523472233,-2.00661106795756,-1.50758584844722
150,"Estudo_CG","Terra Nortenha","Crescimento","Boi",529.1,11.07,0.02092232092,"Modelo_5",0.338600030140909,-1.08293572026684,-0.924621517741383
151,"Estudo_BQ","Baixo Reino","Crescimento","Novilha",558,10.43,0.01869175627,"Modelo_1",0.369848484848485,-0.994661857621556,-0.859981503037532
151,"Estudo_BQ","Baixo Reino","Crescimento","Novilha",558,10.43,0.01869175627,"Modelo_2",0.446582575757576,-0.806130955658343,-0.716058811127238
151,"Estudo_BQ","Baixo Reino","Crescimento","Novilha",558,10.43,0.01869175627,"Modelo_3",0.310485984848485,-1.1696165159913,-0.986450838439505
151,"Estudo_BQ","Baixo Reino","Crescimento","Novilha",558,10.43,0.01869175627,"Modelo_4",0.170340909090909,-1.7699535023637,-1.37325046204761
151,"Estudo_BQ","Baixo Reino","Crescimento","Novilha",558,10.43,0.01869175627,"Modelo_5",0.289895075757576,-1.23823622920232,-1.03426967363811
152,"Estudo_BQ","Baixo Reino","Crescimento","Novilha",594,8.1,0.01363636364,"Modelo_1",0.379372197309417,-0.969237504847941,-0.841044364330101
152,"Estudo_BQ","Baixo Reino","Crescimento","Novilha",594,8.1,0.01363636364,"Modelo_2",0.444511210762332,-0.810780003283609,-0.719706616883156
152,"Estudo_BQ","Baixo Reino","Crescimento","Novilha",594,8.1,0.01363636364,"Modelo_3",0.322657847533632,-1.13116281277106,-0.95922017557141
152,"Estudo_BQ","Baixo Reino","Crescimento","Novilha",594,8.1,0.01363636364,"Modelo_4",0.237219730941704,-1.43876843259587,-1.16850238488714
152,"Estudo_BQ","Baixo Reino","Crescimento","Novilha",594,8.1,0.01363636364,"Modelo_5",0.262325112107623,-1.33817065857669,-1.10217338430397
153,"Estudo_CL","Terra Nortenha","Terminação","Boi",513.3,8.57,0.01669588934,"Modelo_1",0.281494661921708,-1.26764179456014,-1.05446205743044
153,"Estudo_CL","Terra Nortenha","Terminação","Boi",513.3,8.57,0.01669588934,"Modelo_2",0.141973309608541,-1.9521161995509,-1.47749236698005
153,"Estudo_CL","Terra Nortenha","Terminação","Boi",513.3,8.57,0.01669588934,"Modelo_3",0.255266903914591,-1.3654455991954,-1.12035532270212
153,"Estudo_CL","Terra Nortenha","Terminação","Boi",513.3,8.57,0.01669588934,"Modelo_4",0.0369395017793594,-3.298473791596,-2.09417712994375
153,"Estudo_CL","Terra Nortenha","Terminação","Boi",513.3,8.57,0.01669588934,"Modelo_5",0.299036298932384,-1.20719031184832,-1.01275668346404
154,"Estudo_CL","Terra Nortenha","Terminação","Boi",512.2,8.12,0.01585318235,"Modelo_1",0.109569685292229,-2.21119453677642,-1.61627175824379
154,"Estudo_CL","Terra Nortenha","Terminação","Boi",512.2,8.12,0.01585318235,"Modelo_2",0.203180475272961,-1.5936606541495,-1.2667956129343
154,"Estudo_CL","Terra Nortenha","Terminação","Boi",512.2,8.12,0.01585318235,"Modelo_3",0.131971740526654,-2.02516746623493,-1.51772139961806
154,"Estudo_CL","Terra Nortenha","Terminação","Boi",512.2,8.12,0.01585318235,"Modelo_4",0.290738599871548,-1.23533069773626,-1.03226479943957
154,"Estudo_CL","Terra Nortenha","Terminação","Boi",512.2,8.12,0.01585318235,"Modelo_5",0.0955868978805395,-2.34771951977598,-1.68517756211108
155,"Estudo_CL","Terra Nortenha","Terminação","Boi",506.9,10.2,0.02012231209,"Modelo_1",0.0218613366645846,-3.8230356515073,-2.27461176897583
155,"Estudo_CL","Terra Nortenha","Terminação","Boi",506.9,10.2,0.02012231209,"Modelo_2",0.101136789506558,-2.29128132689762,-1.65703430122607
155,"Estudo_CL","Terra Nortenha","Terminação","Boi",506.9,10.2,0.02012231209,"Modelo_3",0.0156652092442224,-4.15631299723199,-2.37534635613624
155,"Estudo_CL","Terra Nortenha","Terminação","Boi",506.9,10.2,0.02012231209,"Modelo_4",0.133541536539663,-2.01334271440577,-1.51126921389987
155,"Estudo_CL","Terra Nortenha","Terminação","Boi",506.9,10.2,0.02012231209,"Modelo_5",0.0230683322923173,-3.76929449842907,-2.25740435445936
156,"Estudo_BV","Vale do Indus Novo","Maturo","Novilha",447.7,7.4,0.01652892562,"Modelo_1",0.150326797385621,-1.89494370546329,-1.44538690464193
156,"Estudo_BV","Vale do Indus Novo","Maturo","Novilha",447.7,7.4,0.01652892562,"Modelo_2",0.234013071895425,-1.45237830238374,-1.1773232851338
156,"Estudo_BV","Vale do Indus Novo","Maturo","Novilha",447.7,7.4,0.01652892562,"Modelo_3",0.115326797385621,-2.1599854642652,-1.58968935279763
156,"Estudo_BV","Vale do Indus Novo","Maturo","Novilha",447.7,7.4,0.01652892562,"Modelo_4",0.015686274509804,-4.15496918403853,-2.3749600716156
156,"Estudo_BV","Vale do Indus Novo","Maturo","Novilha",447.7,7.4,0.01652892562,"Modelo_5",0.112902483660131,-2.18123080930736,-1.60076730744998
157,"Estudo_BV","Vale do Indus Novo","Maturo","Novilha",443.5,7.4,0.0166854566,"Modelo_1",0.185973700688791,-1.68215000941232,-1.32093381255169
157,"Estudo_BV","Vale do Indus Novo","Maturo","Novilha",443.5,7.4,0.0166854566,"Modelo_2",0.266149029430182,-1.32369886607232,-1.0924656611812
157,"Estudo_BV","Vale do Indus Novo","Maturo","Novilha",443.5,7.4,0.0166854566,"Modelo_3",0.134564809016907,-2.00570934456655,-1.50709188587362
157,"Estudo_BV","Vale do Indus Novo","Maturo","Novilha",443.5,7.4,0.0166854566,"Modelo_4",0.0269254852849091,-3.61468203252145,-2.20632323591823
157,"Estudo_BV","Vale do Indus Novo","Maturo","Novilha",443.5,7.4,0.0166854566,"Modelo_5",0.135299937382592,-2.0002612066097,-1.50410456063016
158,"Estudo_CV","Terra Nortenha","Crescimento","Boi",421,11.46,0.02722090261,"Modelo_1",0.413924050632911,-0.882072774563815,-0.775012875671319
158,"Estudo_CV","Terra Nortenha","Crescimento","Boi",421,11.46,0.02722090261,"Modelo_2",0.233610759493671,-1.45409896961244,-1.17843593068559
158,"Estudo_CV","Terra Nortenha","Crescimento","Boi",421,11.46,0.02722090261,"Modelo_3",0.415779272151899,-0.877600755325337,-0.771578314781663
158,"Estudo_CV","Terra Nortenha","Crescimento","Boi",421,11.46,0.02722090261,"Modelo_4",0.233037974683544,-1.45655385722204,-1.18002235571972
158,"Estudo_CV","Terra Nortenha","Crescimento","Boi",421,11.46,0.02722090261,"Modelo_5",0.338584651898734,-1.08298113842996,-0.924654337297641
159,"Estudo_CH","Vale do Indus Novo","Crescimento","Novilha",200,5.98,0.0299,"Modelo_1",0.74887753522217,-0.28917981320949,-0.276991075605393
159,"Estudo_CH","Vale do Indus Novo","Crescimento","Novilha",200,5.98,0.0299,"Modelo_2",0.604725189657842,-0.502981156116397,-0.466871503035701
159,"Estudo_CH","Vale do Indus Novo","Crescimento","Novilha",200,5.98,0.0299,"Modelo_3",0.938008979718223,-0.0639957567613701,-0.0633853508096486
159,"Estudo_CH","Vale do Indus Novo","Crescimento","Novilha",200,5.98,0.0299,"Modelo_4",0.944263817928472,-0.0573496837360163,-0.0568591530092665
159,"Estudo_CH","Vale do Indus Novo","Crescimento","Novilha",200,5.98,0.0299,"Modelo_5",0.600309645455953,-0.510309681127366,-0.473166661530907
160,"Estudo_BW","Campo Rico","Terminação","Boi",483,13.19,0.02730848861,"Modelo_1",0.177842805918477,-1.72685523168145,-1.34774306403359
160,"Estudo_BW","Campo Rico","Terminação","Boi",483,13.19,0.02730848861,"Modelo_2",0.289318715740016,-1.24022637590205,-1.03564190614219
160,"Estudo_BW","Campo Rico","Terminação","Boi",483,13.19,0.02730848861,"Modelo_3",0.0826571322589951,-2.4930541637136,-1.75549375603859
160,"Estudo_BW","Campo Rico","Terminação","Boi",483,13.19,0.02730848861,"Modelo_4",0.141614804434736,-1.95464455209483,-1.47889949932212
160,"Estudo_BW","Campo Rico","Terminação","Boi",483,13.19,0.02730848861,"Modelo_5",0.113068870296336,-2.17975817427322,-1.60000170711635
161,"Estudo_BW","Campo Rico","Terminação","Boi",483,13.51,0.02797101449,"Modelo_1",0.250433179723502,-1.38456314165146,-1.13301100649753
161,"Estudo_BW","Campo Rico","Terminação","Boi",483,13.51,0.02797101449,"Modelo_2",0.353049216589862,-1.04114780800012,-0.894234935522455
161,"Estudo_BW","Campo Rico","Terminação","Boi",483,13.51,0.02797101449,"Modelo_3",0.174189861751152,-1.74760941516004,-1.36006744826839
161,"Estudo_BW","Campo Rico","Terminação","Boi",483,13.51,0.02797101449,"Modelo_4",0.0459354838709677,-3.08051739149536,-2.01044485522473
161,"Estudo_BW","Campo Rico","Terminação","Boi",483,13.51,0.02797101449,"Modelo_5",0.203381382488479,-1.59267233107868,-1.26618280001847
162,"Estudo_AC","Grandvale","Terminação","Boi",678,8.6,0.01268436578,"Modelo_1",0.479508196721312,-0.734994290495445,-0.659603290762998
162,"Estudo_AC","Grandvale","Terminação","Boi",678,8.6,0.01268436578,"Modelo_2",0.318073770491803,-1.14547194042716,-0.969389778705539
162,"Estudo_AC","Grandvale","Terminação","Boi",678,8.6,0.01268436578,"Modelo_3",0.460202868852459,-0.776087867474924,-0.692362883928497
162,"Estudo_AC","Grandvale","Terminação","Boi",678,8.6,0.01268436578,"Modelo_4",0.198360655737705,-1.61766841157062,-1.28162602298041
162,"Estudo_AC","Grandvale","Terminação","Boi",678,8.6,0.01268436578,"Modelo_5",0.677842213114754,-0.388840742145715,-0.367017918154743
163,"Estudo_AC","Grandvale","Terminação","Boi",682,8.5,0.01246334311,"Modelo_1",0.344600938967136,-1.06536823008896,-0.911893500956955
163,"Estudo_AC","Grandvale","Terminação","Boi",682,8.5,0.01246334311,"Modelo_2",0.198967136150235,-1.61461561286927,-1.27974612744663
163,"Estudo_AC","Grandvale","Terminação","Boi",682,8.5,0.01246334311,"Modelo_3",0.325246009389671,-1.12317343102783,-0.953523041916741
163,"Estudo_AC","Grandvale","Terminação","Boi",682,8.5,0.01246334311,"Modelo_4",0.0854460093896713,-2.45987057162668,-1.73970779570507
163,"Estudo_AC","Grandvale","Terminação","Boi",682,8.5,0.01246334311,"Modelo_5",0.530235680751174,-0.634433690614522,-0.577712687185665
164,"Estudo_AC","Grandvale","Terminação","Boi",675,9.1,0.01348148148,"Modelo_1",0.263865546218487,-1.33231560019732,-1.09825086880233
164,"Estudo_AC","Grandvale","Terminação","Boi",675,9.1,0.01348148148,"Modelo_2",0.121126050420168,-2.11092353660928,-1.56383559379776
164,"Estudo_AC","Grandvale","Terminação","Boi",675,9.1,0.01348148148,"Modelo_3",0.253073949579832,-1.37407354213388,-1.12607595032089
164,"Estudo_AC","Grandvale","Terminação","Boi",675,9.1,0.01348148148,"Modelo_4",0.04,-3.2188758248682,-2.06423070752275
164,"Estudo_AC","Grandvale","Terminação","Boi",675,9.1,0.01348148148,"Modelo_5",0.421080672268908,-0.864930843065406,-0.761822622567422
165,"Estudo_AU","Planalto Sol","Crescimento","Novilha",242,5.57,0.02301652893,"Modelo_1",0.246057222609909,-1.4021911578644,-1.14461648750403
165,"Estudo_AU","Planalto Sol","Crescimento","Novilha",242,5.57,0.02301652893,"Modelo_2",0.303993021632938,-1.1907505329942,-1.0012834841098
165,"Estudo_AU","Planalto Sol","Crescimento","Novilha",242,5.57,0.02301652893,"Modelo_3",0.139936496859735,-1.96656655313668,-1.48552022105701
165,"Estudo_AU","Planalto Sol","Crescimento","Novilha",242,5.57,0.02301652893,"Modelo_4",0.18374040474529,-1.69423136132591,-1.32821436278869
165,"Estudo_AU","Planalto Sol","Crescimento","Novilha",242,5.57,0.02301652893,"Modelo_5",0.258116538729937,-1.35434409554285,-1.11297282095502
166,"Estudo_I","Planalto Sol","Crescimento","Novilha",310,8.54,0.0275483871,"Modelo_1",0.0262857142857143,-3.63872967042846,-2.21442455735686
166,"Estudo_I","Planalto Sol","Crescimento","Novilha",310,8.54,0.0275483871,"Modelo_2",0.0852028571428572,-2.46272031116856,-1.74106963880027
166,"Estudo_I","Planalto Sol","Crescimento","Novilha",310,8.54,0.0275483871,"Modelo_3",0.1458045,-1.92548859568634,-1.46260801651628
166,"Estudo_I","Planalto Sol","Crescimento","Novilha",310,8.54,0.0275483871,"Modelo_4",0.281,-1.26940060964839,-1.05566417421265
166,"Estudo_I","Planalto Sol","Crescimento","Novilha",310,8.54,0.0275483871,"Modelo_5",0.0332657857142857,-3.40322586621797,-2.13251286777632
167,"Estudo_I","Planalto Sol","Crescimento","Novilha",310,8.63,0.02783870968,"Modelo_1",0.064857881136951,-2.73555684689204,-1.86620679751648
167,"Estudo_I","Planalto Sol","Crescimento","Novilha",310,8.63,0.02783870968,"Modelo_2",0.167117571059432,-1.78905769595008,-1.38445207251102
167,"Estudo_I","Planalto Sol","Crescimento","Novilha",310,8.63,0.02783870968,"Modelo_3",0.0454071705426355,-3.09208524493853,-2.01502779242428
167,"Estudo_I","Planalto Sol","Crescimento","Novilha",310,8.63,0.02783870968,"Modelo_4",0.170736434108527,-1.76763423253943,-1.37188619917165
167,"Estudo_I","Planalto Sol","Crescimento","Novilha",310,8.63,0.02783870968,"Modelo_5",0.0575128552971577,-2.85574678578162,-1.9181646022168
169,"Estudo_I","Planalto Sol","Crescimento","Novilha",310,8.36,0.02696774194,"Modelo_1",0.18760045924225,-1.6734407944266,-1.31566901168524
169,"Estudo_I","Planalto Sol","Crescimento","Novilha",310,8.36,0.02696774194,"Modelo_2",0.274659012629162,-1.29222490477046,-1.07120675912776
169,"Estudo_I","Planalto Sol","Crescimento","Novilha",310,8.36,0.02696774194,"Modelo_3",0.0901640068886338,-2.40612496826127,-1.71380441816866
169,"Estudo_I","Planalto Sol","Crescimento","Novilha",310,8.36,0.02696774194,"Modelo_4",0.00780711825487953,-4.85271936467043,-2.55596656220614
169,"Estudo_I","Planalto Sol","Crescimento","Novilha",310,8.36,0.02696774194,"Modelo_5",0.178709471871412,-1.72199385390463,-1.34484514003903
171,"Estudo_J","Grandvale","Terminação","Boi",419,9.94,0.02372315036,"Modelo_1",0.021523077861106,-3.83862953062981,-2.27955307467517
171,"Estudo_J","Grandvale","Terminação","Boi",419,9.94,0.02372315036,"Modelo_2",0.137689165294799,-1.98275655975064,-1.49447329286539
171,"Estudo_J","Grandvale","Terminação","Boi",419,9.94,0.02372315036,"Modelo_3",0.0364368026339857,-3.3121759537445,-2.09926041076303
171,"Estudo_J","Grandvale","Terminação","Boi",419,9.94,0.02372315036,"Modelo_4",0.175757575757576,-1.73864964391411,-1.35475631019752
171,"Estudo_J","Grandvale","Terminação","Boi",419,9.94,0.02372315036,"Modelo_5",0.07940735321017,-2.53316430531719,-1.77436619256767
173,"Estudo_CF","Grandvale","Crescimento","Boi",352,9.69,0.02752840909,"Modelo_1",0.0429139072847681,-3.14855932645074,-2.03717468225844
173,"Estudo_CF","Grandvale","Crescimento","Boi",352,9.69,0.02752840909,"Modelo_2",0.0791880794701987,-2.5359295032297,-1.77565891210473
173,"Estudo_CF","Grandvale","Crescimento","Boi",352,9.69,0.02752840909,"Modelo_3",0.134390728476821,-2.00700383782009,-1.50780096534985
173,"Estudo_CF","Grandvale","Crescimento","Boi",352,9.69,0.02752840909,"Modelo_4",0.347615894039735,-1.05665716155072,-0.905557226702846
173,"Estudo_CF","Grandvale","Crescimento","Boi",352,9.69,0.02752840909,"Modelo_5",0.0439814569536424,-3.12398716676343,-2.02758455295205
174,"Estudo_CF","Grandvale","Crescimento","Boi",352,10.3,0.02926136364,"Modelo_1",0.30464135021097,-1.18862009523635,-0.999792521584531
174,"Estudo_CF","Grandvale","Crescimento","Boi",352,10.3,0.02926136364,"Modelo_2",0.388767932489452,-0.944772687962354,-0.822685055197931
174,"Estudo_CF","Grandvale","Crescimento","Boi",352,10.3,0.02926136364,"Modelo_3",0.243270042194093,-1.41358316791205,-1.15208388522502
174,"Estudo_CF","Grandvale","Crescimento","Boi",352,10.3,0.02926136364,"Modelo_4",0.0873417721518987,-2.43792644086381,-1.72918196854541
174,"Estudo_CF","Grandvale","Crescimento","Boi",352,10.3,0.02926136364,"Modelo_5",0.305762869198312,-1.18494541470927,-0.997218597999145
175,"Estudo_CF","Grandvale","Terminação","Boi",352,11.5,0.03267045455,"Modelo_1",0.289208633093525,-1.24060693750572,-1.03590421510848
175,"Estudo_CF","Grandvale","Terminação","Boi",352,11.5,0.03267045455,"Modelo_2",0.124532374100719,-2.08318956394258,-1.54905161573432
175,"Estudo_CF","Grandvale","Terminação","Boi",352,11.5,0.03267045455,"Modelo_3",0.280971223021583,-1.26950302406843,-1.05573415298741
175,"Estudo_CF","Grandvale","Terminação","Boi",352,11.5,0.03267045455,"Modelo_4",0.125179856115108,-2.07800372691021,-1.54627355704851
175,"Estudo_CF","Grandvale","Terminação","Boi",352,11.5,0.03267045455,"Modelo_5",0.161037410071942,-1.82611858029395,-1.40600024031589
177,"Estudo_CF","Grandvale","Crescimento","Boi",352,12.2,0.03465909091,"Modelo_1",0.221576763485477,-1.50698618752451,-1.2123560862684
177,"Estudo_CF","Grandvale","Crescimento","Boi",352,12.2,0.03465909091,"Modelo_2",0.323701244813278,-1.12793427248032,-0.956919585623777
177,"Estudo_CF","Grandvale","Crescimento","Boi",352,12.2,0.03465909091,"Modelo_3",0.17545643153527,-1.74036452025647,-1.35577395288392
177,"Estudo_CF","Grandvale","Crescimento","Boi",352,12.2,0.03465909091,"Modelo_4",0.0630705394190871,-2.76350150563843,-1.87845489057939
177,"Estudo_CF","Grandvale","Crescimento","Boi",352,12.2,0.03465909091,"Modelo_5",0.251310373443983,-1.38106655616007,-1.13070171097458
178,"Estudo_AE","Planalto Sol","Terminação","Boi",350.4,10.3,0.02939497717,"Modelo_1",0.396610169491525,-0.924801421542065,-0.807597655463103
178,"Estudo_AE","Planalto Sol","Terminação","Boi",350.4,10.3,0.02939497717,"Modelo_2",0.22764406779661,-1.47997197597878,-1.1950972873928
178,"Estudo_AE","Planalto Sol","Terminação","Boi",350.4,10.3,0.02939497717,"Modelo_3",0.397446610169491,-0.922694667947705,-0.80600082008013
178,"Estudo_AE","Planalto Sol","Terminação","Boi",350.4,10.3,0.02939497717,"Modelo_4",0.187118644067797,-1.67601240305677,-1.31722500429216
178,"Estudo_AE","Planalto Sol","Terminação","Boi",350.4,10.3,0.02939497717,"Modelo_5",0.273582542372881,-1.29615190238617,-1.07387019962003
179,"Estudo_AE","Planalto Sol","Terminação","Boi",350.4,9.63,0.02748287671,"Modelo_1",0.465046728971963,-0.765617386030981,-0.684054171702261
179,"Estudo_AE","Planalto Sol","Terminação","Boi",350.4,9.63,0.02748287671,"Modelo_2",0.294114018691589,-1.22378776814681,-1.0242826652139
179,"Estudo_AE","Planalto Sol","Terminação","Boi",350.4,9.63,0.02748287671,"Modelo_3",0.458455140186916,-0.7798928324498,-0.695375804010936
179,"Estudo_AE","Planalto Sol","Terminação","Boi",350.4,9.63,0.02748287671,"Modelo_4",0.224,-1.4961092271271,-1.20542384650882
179,"Estudo_AE","Planalto Sol","Terminação","Boi",350.4,9.63,0.02748287671,"Modelo_5",0.333754579439252,-1.09734934819551,-0.935014514199196
180,"Estudo_AE","Planalto Sol","Terminação","Boi",350.4,7.92,0.02260273973,"Modelo_1",0.0643750000000001,-2.74302991999824,-1.86949229638183
180,"Estudo_AE","Planalto Sol","Terminação","Boi",350.4,7.92,0.02260273973,"Modelo_2",0.04565,-3.08675167194116,-2.0129167202905
180,"Estudo_AE","Planalto Sol","Terminação","Boi",350.4,7.92,0.02260273973,"Modelo_3",0.04283359375,-3.15043258356692,-2.03790288914651
180,"Estudo_AE","Planalto Sol","Terminação","Boi",350.4,7.92,0.02260273973,"Modelo_4",0.1585,-1.8420006856648,-1.41516143031734
180,"Estudo_AE","Planalto Sol","Terminação","Boi",350.4,7.92,0.02260273973,"Modelo_5",0.03602546875,-3.32352912538384,-2.10345645345936
181,"Estudo_AE","Planalto Sol","Terminação","Boi",350.4,8.66,0.02471461187,"Modelo_1",0.170322580645161,-1.77006110676698,-1.37331373509065
181,"Estudo_AE","Planalto Sol","Terminação","Boi",350.4,8.66,0.02471461187,"Modelo_2",0.0420677419354838,-3.16847405680443,-2.04489539092824
181,"Estudo_AE","Planalto Sol","Terminação","Boi",350.4,8.66,0.02471461187,"Modelo_3",0.155247580645161,-1.86273414189602,-1.42705550114902
181,"Estudo_AE","Planalto Sol","Terminação","Boi",350.4,8.66,0.02471461187,"Modelo_4",0.0501935483870968,-2.99186877872895,-1.97479119089166
181,"Estudo_AE","Planalto Sol","Terminação","Boi",350.4,8.66,0.02471461187,"Modelo_5",0.0625059677419356,-2.77249324292711,-1.88237416745986
183,"Estudo_AE","Planalto Sol","Maturo","Boi",458,13.7,0.02991266376,"Modelo_1",0.094273127753304,-2.3615590954536,-1.69200630921451
183,"Estudo_AE","Planalto Sol","Maturo","Boi",458,13.7,0.02991266376,"Modelo_2",0.21895154185022,-1.51890484373979,-1.21992630377451
183,"Estudo_AE","Planalto Sol","Maturo","Boi",458,13.7,0.02991266376,"Modelo_3",0.0751101321585904,-2.58879981375188,-1.80017042762198
183,"Estudo_AE","Planalto Sol","Maturo","Boi",458,13.7,0.02991266376,"Modelo_4",0.17920704845815,-1.71921344630104,-1.34318580578371
183,"Estudo_AE","Planalto Sol","Maturo","Boi",458,13.7,0.02991266376,"Modelo_5",0.120762995594714,-2.11392536826771,-1.56542839679137
184,"Estudo_AE","Planalto Sol","Maturo","Boi",458,14.3,0.03122270742,"Modelo_1",0.184674329501916,-1.68916138626614,-1.32516227132118
184,"Estudo_AE","Planalto Sol","Maturo","Boi",458,14.3,0.03122270742,"Modelo_2",0.298766283524904,-1.2080936716991,-1.01338549298685
184,"Estudo_AE","Planalto Sol","Maturo","Boi",458,14.3,0.03122270742,"Modelo_3",0.165249042145594,-1.80030159666294,-1.39101490573079
184,"Estudo_AE","Planalto Sol","Maturo","Boi",458,14.3,0.03122270742,"Modelo_4",0.254865900383142,-1.36701775299797,-1.12139881914056
184,"Estudo_AE","Planalto Sol","Maturo","Boi",458,14.3,0.03122270742,"Modelo_5",0.209322605363985,-1.5638786507565,-1.24824919386213
186,"Estudo_CO","Costa Austral","Maturo","Boi",698,6.36,0.009111747851,"Modelo_1",0.00743243243243251,-4.90190209395978,-2.56735226449866
186,"Estudo_CO","Costa Austral","Maturo","Boi",698,6.36,0.009111747851,"Modelo_2",0.0939662162162163,-2.36481996326764,-1.69361116924065
186,"Estudo_CO","Costa Austral","Maturo","Boi",698,6.36,0.009111747851,"Modelo_3",0.0995945945945946,-2.30664738700292,-1.66474395103649
186,"Estudo_CO","Costa Austral","Maturo","Boi",698,6.36,0.009111747851,"Modelo_4",0.128040540540541,-2.05540834223568,-1.53411861583106
186,"Estudo_CO","Costa Austral","Maturo","Boi",698,6.36,0.009111747851,"Modelo_5",0.328199324324324,-1.11413415905976,-0.947060757988659
187,"Estudo_CO","Costa Austral","Maturo","Boi",698,6.58,0.009426934097,"Modelo_1",0.152011291460833,-1.88380047496839,-1.43906499689308
187,"Estudo_CO","Costa Austral","Maturo","Boi",698,6.58,0.009426934097,"Modelo_2",0.228135497529993,-1.47781553913428,-1.19371354855174
187,"Estudo_CO","Costa Austral","Maturo","Boi",698,6.58,0.009426934097,"Modelo_3",0.0607198306280874,-2.80148493529115,-1.89493917465902
187,"Estudo_CO","Costa Austral","Maturo","Boi",698,6.58,0.009426934097,"Modelo_4",0.0248412138320394,-3.69525115708663,-2.23323732400849
187,"Estudo_CO","Costa Austral","Maturo","Boi",698,6.58,0.009426934097,"Modelo_5",0.127345095271701,-2.06085459206591,-1.53705590744895
188,"Estudo_CO","Costa Austral","Maturo","Boi",698,6.86,0.009828080229,"Modelo_1",0.182528127068167,-1.70085099691354,-1.33219235861737
188,"Estudo_CO","Costa Austral","Maturo","Boi",698,6.86,0.009828080229,"Modelo_2",0.258475181998676,-1.35295559738476,-1.11204773835255
188,"Estudo_CO","Costa Austral","Maturo","Boi",698,6.86,0.009828080229,"Modelo_3",0.094692256783587,-2.35712304788192,-1.68982055369189
188,"Estudo_CO","Costa Austral","Maturo","Boi",698,6.86,0.009828080229,"Modelo_4",0.0465916611515552,-3.06633369910874,-2.00480382917875
188,"Estudo_CO","Costa Austral","Maturo","Boi",698,6.86,0.009828080229,"Modelo_5",0.078152217074785,-2.54909685303804,-1.78179990822028
189,"Estudo_CO","Costa Austral","Maturo","Boi",698,6.64,0.009512893983,"Modelo_1",0.242606516290727,-1.41631442260733,-1.15387041754287
189,"Estudo_CO","Costa Austral","Maturo","Boi",698,6.64,0.009512893983,"Modelo_2",0.311117794486216,-1.16758367810868,-0.98501915243354
189,"Estudo_CO","Costa Austral","Maturo","Boi",698,6.64,0.009512893983,"Modelo_3",0.161102756892231,-1.82571287602055,-1.40576564785827
189,"Estudo_CO","Costa Austral","Maturo","Boi",698,6.64,0.009512893983,"Modelo_4",0.126315789473684,-2.06897024181254,-1.5414239753657
189,"Estudo_CO","Costa Austral","Maturo","Boi",698,6.64,0.009512893983,"Modelo_5",0.00515538847117795,-5.26771280621904,-2.64696511753784
190,"Estudo_BI","Grandvale","Crescimento","Boi",274,6.5,0.02372262774,"Modelo_1",0.0539682539682539,-2.91935929476942,-1.94491526889667
190,"Estudo_BI","Grandvale","Crescimento","Boi",274,6.5,0.02372262774,"Modelo_2",0.138015873015873,-1.98038657858529,-1.49316540887293
190,"Estudo_BI","Grandvale","Crescimento","Boi",274,6.5,0.02372262774,"Modelo_3",0.0705952380952382,-2.65079258583368,-1.82842042459897
190,"Estudo_BI","Grandvale","Crescimento","Boi",274,6.5,0.02372262774,"Modelo_4",0.0833333333333333,-2.484906649788,-1.75163239791215
190,"Estudo_BI","Grandvale","Crescimento","Boi",274,6.5,0.02372262774,"Modelo_5",0.0524174603174604,-2.94851553099271,-1.95700662456228
191,"Estudo_BI","Grandvale","Crescimento","Boi",274,8.4,0.03065693431,"Modelo_1",0.0897435897435897,-2.41079867763428,-1.7160735892212
191,"Estudo_BI","Grandvale","Crescimento","Boi",274,8.4,0.03065693431,"Modelo_2",0.187589743589744,-1.67349791560103,-1.31570358679569
191,"Estudo_BI","Grandvale","Crescimento","Boi",274,8.4,0.03065693431,"Modelo_3",0.0254807692307692,-3.66983125914324,-2.22481595578719
191,"Estudo_BI","Grandvale","Crescimento","Boi",274,8.4,0.03065693431,"Modelo_4",0.130769230769231,-2.03432110639936,-1.52270039759164
191,"Estudo_BI","Grandvale","Crescimento","Boi",274,8.4,0.03065693431,"Modelo_5",0.0970166666666667,-2.3328724939325,-1.67782012546819
192,"Estudo_BI","Grandvale","Terminação","Boi",369,10.4,0.02818428184,"Modelo_1",0.443478260869565,-0.813106495638925,-0.721530155214574
192,"Estudo_BI","Grandvale","Terminação","Boi",369,10.4,0.02818428184,"Modelo_2",0.267965217391304,-1.31689809274754,-1.087889104223
192,"Estudo_BI","Grandvale","Terminação","Boi",369,10.4,0.02818428184,"Modelo_3",0.471695652173913,-0.751421306088836,-0.672747298169844
192,"Estudo_BI","Grandvale","Terminação","Boi",369,10.4,0.02818428184,"Modelo_4",0.899130434782609,-0.106327166288921,-0.104649234640391
192,"Estudo_BI","Grandvale","Terminação","Boi",369,10.4,0.02818428184,"Modelo_5",0.358412173913043,-1.02607163106694,-0.883178266825684
193,"Estudo_BI","Grandvale","Terminação","Boi",369,10.8,0.02926829268,"Modelo_1",0.293939393939394,-1.22438167595714,-1.0246940375331
193,"Estudo_BI","Grandvale","Terminação","Boi",369,10.8,0.02926829268,"Modelo_2",0.133575757575758,-2.01308648961586,-1.51112915111795
193,"Estudo_BI","Grandvale","Terminação","Boi",369,10.8,0.02926829268,"Modelo_3",0.322159090909091,-1.13270978430445,-0.960321725583287
193,"Estudo_BI","Grandvale","Terminação","Boi",369,10.8,0.02926829268,"Modelo_4",0.718181818181818,-0.331032513325395,-0.315126019845566
193,"Estudo_BI","Grandvale","Terminação","Boi",369,10.8,0.02926829268,"Modelo_5",0.217707575757576,-1.52460251227694,-1.22353566597485
194,"Estudo_BH","Grandvale","Crescimento","Vaca",185,8.66,0.04681081081,"Modelo_1",0.18079739625712,-1.7103782323605,-1.33790379496803
194,"Estudo_BH","Grandvale","Crescimento","Vaca",185,8.66,0.04681081081,"Modelo_2",0.0513946297803091,-2.96822159096164,-1.96511921385695
194,"Estudo_BH","Grandvale","Crescimento","Vaca",185,8.66,0.04681081081,"Modelo_3",0.28313262815297,-1.26183984040414,-1.05049203134528
194,"Estudo_BH","Grandvale","Crescimento","Vaca",185,8.66,0.04681081081,"Modelo_4",0.479739625711961,-0.734511768690908,-0.659216222834871
194,"Estudo_BH","Grandvale","Crescimento","Vaca",185,8.66,0.04681081081,"Modelo_5",0.0526362896663954,-2.94434947951014,-1.95528539479889
195,"Estudo_BH","Grandvale","Crescimento","Vaca",229,8.89,0.0388209607,"Modelo_1",0.214121510673235,-1.54121161821734,-1.23402207468882
195,"Estudo_BH","Grandvale","Crescimento","Vaca",229,8.89,0.0388209607,"Modelo_2",0.0789047619047618,-2.539513699279,-1.7773329151022
195,"Estudo_BH","Grandvale","Crescimento","Vaca",229,8.89,0.0388209607,"Modelo_3",0.319646962233169,-1.14053813523027,-0.965888216842704
195,"Estudo_BH","Grandvale","Crescimento","Vaca",229,8.89,0.0388209607,"Modelo_4",0.532758620689655,-0.62968682664272,-0.573785724826336
195,"Estudo_BH","Grandvale","Crescimento","Vaca",229,8.89,0.0388209607,"Modelo_5",0.119461412151067,-2.12476187062724,-1.5711664365005
196,"Estudo_BH","Grandvale","Terminação","Vaca",350,10.8,0.03085714286,"Modelo_1",0.176308539944904,-1.73551975090518,-1.35289761738993
196,"Estudo_BH","Grandvale","Terminação","Vaca",350,10.8,0.03085714286,"Modelo_2",0.0305234159779615,-3.48926115294571,-2.16311018178534
196,"Estudo_BH","Grandvale","Terminação","Vaca",350,10.8,0.03085714286,"Modelo_3",0.172469008264463,-1.75753772088691,-1.36593606021996
196,"Estudo_BH","Grandvale","Terminação","Vaca",350,10.8,0.03085714286,"Modelo_4",0.0115702479338843,-4.45931830897553,-2.45858817998808
196,"Estudo_BH","Grandvale","Terminação","Vaca",350,10.8,0.03085714286,"Modelo_5",0.0652031680440772,-2.73024722159688,-1.86386796761471
197,"Estudo_BH","Grandvale","Terminação","Vaca",374,10.5,0.02807486631,"Modelo_1",0.3376,-1.08589351626033,-0.926757913195213
197,"Estudo_BH","Grandvale","Terminação","Vaca",374,10.5,0.02807486631,"Modelo_2",0.17416,-1.74778086205585,-1.36016893875151
197,"Estudo_BH","Grandvale","Terminação","Vaca",374,10.5,0.02807486631,"Modelo_3",0.33026,-1.10787505594729,-0.942575770675685
197,"Estudo_BH","Grandvale","Terminação","Vaca",374,10.5,0.02807486631,"Modelo_4",0.1424,-1.94911528000426,-1.47582084584847
197,"Estudo_BH","Grandvale","Terminação","Vaca",374,10.5,0.02807486631,"Modelo_5",0.2293432,-1.47253570738656,-1.19032181335187
198,"Estudo_BL","Grandvale","Crescimento","Boi",363,9.6,0.02644628099,"Modelo_1",0.202854230377166,-1.59526763484087,-1.26779163869028
198,"Estudo_BL","Grandvale","Crescimento","Boi",363,9.6,0.02644628099,"Modelo_2",0.295698267074414,-1.21841571255882,-1.02055836038072
198,"Estudo_BL","Grandvale","Crescimento","Boi",363,9.6,0.02644628099,"Modelo_3",0.118450560652395,-2.13325961514756,-1.5756530483858
198,"Estudo_BL","Grandvale","Crescimento","Boi",363,9.6,0.02644628099,"Modelo_4",0.0275229357798165,-3.59273559356103,-2.19887859782328
198,"Estudo_BL","Grandvale","Crescimento","Boi",363,9.6,0.02644628099,"Modelo_5",0.181932721712538,-1.7041183211669,-1.33415291052891
199,"Estudo_BL","Grandvale","Crescimento","Boi",363,9.7,0.02672176309,"Modelo_1",0.226692836113837,-1.48415932270093,-1.19778166168836
199,"Estudo_BL","Grandvale","Crescimento","Boi",363,9.7,0.02672176309,"Modelo_2",0.317281648675172,-1.14796541794587,-0.971157449508695
199,"Estudo_BL","Grandvale","Crescimento","Boi",363,9.7,0.02672176309,"Modelo_3",0.144847890088322,-1.93207112105635,-1.46629860037014
199,"Estudo_BL","Grandvale","Crescimento","Boi",363,9.7,0.02672176309,"Modelo_4",0.000490677134445646,-7.61972421378244,-2.99439749596274
199,"Estudo_BL","Grandvale","Crescimento","Boi",363,9.7,0.02672176309,"Modelo_5",0.206894995093229,-1.57554388450278,-1.25553333890016
200,"Estudo_BL","Grandvale","Terminação","Boi",481,12,0.02494802495,"Modelo_1",0.117682558841279,-2.13976445886282,-1.57907973445624
200,"Estudo_BL","Grandvale","Terminação","Boi",481,12,0.02494802495,"Modelo_2",0.0278817139408568,-3.57978421933888,-2.1944621992694
200,"Estudo_BL","Grandvale","Terminação","Boi",481,12,0.02494802495,"Modelo_3",0.114393482196741,-2.16811117546422,-1.59393468047525
200,"Estudo_BL","Grandvale","Terminação","Boi",481,12,0.02494802495,"Modelo_4",0.0150875075437538,-4.19388819255836,-2.38608468255562
200,"Estudo_BL","Grandvale","Terminação","Boi",481,12,0.02494802495,"Modelo_5",0.0855920337960169,-2.45816306329573,-1.73889124791903
201,"Estudo_BL","Grandvale","Terminação","Boi",479,11.8,0.02463465553,"Modelo_1",0.0835803200948431,-2.4819471921678,-1.75022748126988
201,"Estudo_BL","Grandvale","Terminação","Boi",479,11.8,0.02463465553,"Modelo_2",0.0564789567279193,-2.87388715749893,-1.92584519000069
201,"Estudo_BL","Grandvale","Terminação","Boi",479,11.8,0.02463465553,"Modelo_3",0.0789270895080024,-2.53923077028603,-1.77720083820761
201,"Estudo_BL","Grandvale","Terminação","Boi",479,11.8,0.02463465553,"Modelo_4",0.0487255483106105,-3.02155178048383,-1.98683516873106
201,"Estudo_BL","Grandvale","Terminação","Boi",479,11.8,0.02463465553,"Modelo_5",0.0517095435684647,-2.96211291936863,-1.96260952371096
202,"Estudo_A","Terra Nortenha","Crescimento","Novilha",563,8.37,0.01486678508,"Modelo_1",0.322296650717703,-1.13228288203074,-0.960017792906007
202,"Estudo_A","Terra Nortenha","Crescimento","Novilha",563,8.37,0.01486678508,"Modelo_2",0.394977033492823,-0.928927658827533,-0.810722256555461
202,"Estudo_A","Terra Nortenha","Crescimento","Novilha",563,8.37,0.01486678508,"Modelo_3",0.236464114832536,-1.44195881688628,-1.17057338643023
202,"Estudo_A","Terra Nortenha","Crescimento","Novilha",563,8.37,0.01486678508,"Modelo_4",0.158995215311005,-1.83888116959831,-1.41336545964359
202,"Estudo_A","Terra Nortenha","Crescimento","Novilha",563,8.37,0.01486678508,"Modelo_5",0.1899004784689,-1.66125514158361,-1.30827954600199
203,"Estudo_A","Terra Nortenha","Crescimento","Novilha",563,8.53,0.01515097691,"Modelo_1",0.113827160493827,-2.17307411710394,-1.5965225137081
203,"Estudo_A","Terra Nortenha","Crescimento","Novilha",563,8.53,0.01515097691,"Modelo_2",0.210023456790123,-1.56053605550195,-1.24615726746296
203,"Estudo_A","Terra Nortenha","Crescimento","Novilha",563,8.53,0.01515097691,"Modelo_3",0.00190740740740739,-6.26201033731678,-2.82398864120282
203,"Estudo_A","Terra Nortenha","Crescimento","Novilha",563,8.53,0.01515097691,"Modelo_4",0.105740740740741,-2.24676502289635,-1.63449735576588
203,"Estudo_A","Terra Nortenha","Crescimento","Novilha",563,8.53,0.01515097691,"Modelo_5",0.0562888888888888,-2.87725811875078,-1.92726784691933
204,"Estudo_CD","Alpes Neutros","Terminação","Novilho",244,5.26,0.02155737705,"Modelo_1",0.16544,-1.79914668766207,-1.39034182882576
204,"Estudo_CD","Alpes Neutros","Terminação","Novilho",244,5.26,0.02155737705,"Modelo_2",0.2257568,-1.48829696532253,-1.20043086201673
204,"Estudo_CD","Alpes Neutros","Terminação","Novilho",244,5.26,0.02155737705,"Modelo_3",0.211664,-1.55275516726211,-1.24127955162187
204,"Estudo_CD","Alpes Neutros","Terminação","Novilho",244,5.26,0.02155737705,"Modelo_4",0.427712,-0.849305207093532,-0.749739877527792
204,"Estudo_CD","Alpes Neutros","Terminação","Novilho",244,5.26,0.02155737705,"Modelo_5",0.3367968,-1.08827549784675,-0.928477024389503
205,"Estudo_CD","Alpes Neutros","Terminação","Novilho",249,5.14,0.02064257028,"Modelo_1",0.254492753623188,-1.36848291639029,-1.12237085913822
205,"Estudo_CD","Alpes Neutros","Terminação","Novilho",249,5.14,0.02064257028,"Modelo_2",0.306988405797101,-1.18094529824132,-0.994413495918375
205,"Estudo_CD","Alpes Neutros","Terminação","Novilho",249,5.14,0.02064257028,"Modelo_3",0.214652173913043,-1.53873635665243,-1.2324625924001
205,"Estudo_CD","Alpes Neutros","Terminação","Novilho",249,5.14,0.02064257028,"Modelo_4",0.217826086956522,-1.52405830083238,-1.22319118504416
205,"Estudo_CD","Alpes Neutros","Terminação","Novilho",249,5.14,0.02064257028,"Modelo_5",0.324765217391304,-1.12465276574157,-0.954578968381971
206,"Estudo_Y","Grandvale","Crescimento e Terminação","Vaca",355,11,0.03098591549,"Modelo_1",0.212727272727273,-1.54774434342876,-1.23813231279062
206,"Estudo_Y","Grandvale","Crescimento e Terminação","Vaca",355,11,0.03098591549,"Modelo_2",0.311181818181818,-1.16737791325032,-0.984874187798849
206,"Estudo_Y","Grandvale","Crescimento e Terminação","Vaca",355,11,0.03098591549,"Modelo_3",0.194704545454545,-1.63627202093636,-1.293044876956
206,"Estudo_Y","Grandvale","Crescimento e Terminação","Vaca",355,11,0.03098591549,"Modelo_4",0.05,-2.99573227355399,-1.97636489487698
206,"Estudo_Y","Grandvale","Crescimento e Terminação","Vaca",355,11,0.03098591549,"Modelo_5",0.265440909090909,-1.32636302770067,-1.0942559557407
207,"Estudo_Y","Grandvale","Crescimento e Terminação","Vaca",357,11.3,0.03165266106,"Modelo_1",0.0221238938053097,-3.81109708683819,-2.27081308565374
207,"Estudo_Y","Grandvale","Crescimento e Terminação","Vaca",357,11.3,0.03165266106,"Modelo_2",0.146006637168142,-1.92410319825131,-1.46183034550329
207,"Estudo_Y","Grandvale","Crescimento e Terminação","Vaca",357,11.3,0.03165266106,"Modelo_3",0.00179756637168135,-6.32132154461051,-2.83297144167956
207,"Estudo_Y","Grandvale","Crescimento e Terminação","Vaca",357,11.3,0.03165266106,"Modelo_4",0.3125,-1.16315080980568,-0.98189414473256
207,"Estudo_Y","Grandvale","Crescimento e Terminação","Vaca",357,11.3,0.03165266106,"Modelo_5",0.0863263274336283,-2.44962065866093,-1.73479989682361
208,"Estudo_AX","Reino Litoral","Crescimento","Boi",294,8.7,0.02959183673,"Modelo_1",0.329032258064516,-1.11159948419492,-0.945245540392949
208,"Estudo_AX","Reino Litoral","Crescimento","Boi",294,8.7,0.02959183673,"Modelo_2",0.402774193548387,-0.909379187845594,-0.79588483491464
208,"Estudo_AX","Reino Litoral","Crescimento","Boi",294,8.7,0.02959183673,"Modelo_3",0.234276958525346,-1.45125128006548,-1.17659420045372
208,"Estudo_AX","Reino Litoral","Crescimento","Boi",294,8.7,0.02959183673,"Modelo_4",0.158064516129032,-1.84475199936857,-1.41674402488826
208,"Estudo_AX","Reino Litoral","Crescimento","Boi",294,8.7,0.02959183673,"Modelo_5",0.316038248847926,-1.15189203206206,-0.973938417170183
209,"Estudo_AX","Reino Litoral","Crescimento","Boi",294,9.9,0.03367346939,"Modelo_1",0.26605504587156,-1.32405205224267,-1.09270308164435
209,"Estudo_AX","Reino Litoral","Crescimento","Boi",294,9.9,0.03367346939,"Modelo_2",0.353,-1.04128722204884,-0.894336946764032
209,"Estudo_AX","Reino Litoral","Crescimento","Boi",294,9.9,0.03367346939,"Modelo_3",0.165914678899083,-1.79628160529554,-1.38867106168644
209,"Estudo_AX","Reino Litoral","Crescimento","Boi",294,9.9,0.03367346939,"Modelo_4",0.0463302752293578,-3.07195963894188,-2.00704420613011
209,"Estudo_AX","Reino Litoral","Crescimento","Boi",294,9.9,0.03367346939,"Modelo_5",0.257740366972477,-1.35580253031412,-1.11394408375381
211,"Estudo_AX","Reino Litoral","Crescimento","Boi",294,9.8,0.03333333333,"Modelo_1",0.291071428571429,-1.23418658292243,-1.03147485790058
211,"Estudo_AX","Reino Litoral","Crescimento","Boi",294,9.8,0.03333333333,"Modelo_2",0.374589285714286,-0.981925091318496,-0.850512672942421
211,"Estudo_AX","Reino Litoral","Crescimento","Boi",294,9.8,0.03333333333,"Modelo_3",0.194149107142857,-1.63912882161567,-1.29479273709026
211,"Estudo_AX","Reino Litoral","Crescimento","Boi",294,9.8,0.03333333333,"Modelo_4",0.0812499999999999,-2.51022445777229,-1.76360044982201
211,"Estudo_AX","Reino Litoral","Crescimento","Boi",294,9.8,0.03333333333,"Modelo_5",0.282666964285714,-1.26348587896133,-1.05161904649672
214,"Estudo_BT","Grandvale","Terminação","Boi",309,7.09,0.02294498382,"Modelo_1",0.786896844488468,-0.23965811350329,-0.231245528365749
214,"Estudo_BT","Grandvale","Terminação","Boi",309,7.09,0.02294498382,"Modelo_2",0.616507711900382,-0.483684447290718,-0.450229395035861
214,"Estudo_BT","Grandvale","Terminação","Boi",309,7.09,0.02294498382,"Modelo_3",0.736210556105844,-0.306239119501269,-0.292592841867941
214,"Estudo_BT","Grandvale","Terminação","Boi",309,7.09,0.02294498382,"Modelo_4",0.364426206311023,-1.00943119985117,-0.870916194309501
214,"Estudo_BT","Grandvale","Terminação","Boi",309,7.09,0.02294498382,"Modelo_5",0.557285977076553,-0.584676746975952,-0.536270774894467
215,"Estudo_BN","Campo Rico","Terminação","Novilho",366,10.6,0.02896174863,"Modelo_1",0.153424657534247,-1.87454566284734,-1.43379835974752
215,"Estudo_BN","Campo Rico","Terminação","Novilho",366,10.6,0.02896174863,"Modelo_2",0.0118082191780821,-4.43895944946684,-2.45322918709479
215,"Estudo_BN","Campo Rico","Terminação","Novilho",366,10.6,0.02896174863,"Modelo_3",0.161650684931507,-1.82231753769312,-1.40380122421333
215,"Estudo_BN","Campo Rico","Terminação","Novilho",366,10.6,0.02896174863,"Modelo_4",0.0126027397260274,-4.37384105008744,-2.43586685619959
215,"Estudo_BN","Campo Rico","Terminação","Novilho",366,10.6,0.02896174863,"Modelo_5",0.068154794520548,-2.68597377084836,-1.84422028510084
216,"Estudo_K","Planalto Sol","Maturo","Novilha",631,12,0.01901743265,"Modelo_1",0.380809093948512,-0.965457095182766,-0.838216198897603
216,"Estudo_K","Planalto Sol","Maturo","Novilha",631,12,0.01901743265,"Modelo_2",0.461451019725844,-0.773379363443447,-0.690216088123081
216,"Estudo_K","Planalto Sol","Maturo","Novilha",631,12,0.01901743265,"Modelo_3",0.300217084587095,-1.20324945071893,-1.01001153995422
216,"Estudo_K","Planalto Sol","Maturo","Novilha",631,12,0.01901743265,"Modelo_4",0.157472417251755,-1.84850496461353,-1.41890067850257
216,"Estudo_K","Planalto Sol","Maturo","Novilha",631,12,0.01901743265,"Modelo_5",0.268243764627215,-1.31585914237443,-1.08718912360601
217,"Estudo_K","Planalto Sol","Maturo","Novilha",631,11.6,0.01838351823,"Modelo_1",0.408136482939633,-0.896153643507411,-0.785797094483107
217,"Estudo_K","Planalto Sol","Maturo","Novilha",631,11.6,0.01838351823,"Modelo_2",0.484041994750656,-0.725583610015706,-0.652044139534388
217,"Estudo_K","Planalto Sol","Maturo","Novilha",631,11.6,0.01838351823,"Modelo_3",0.334635400262467,-1.09471369727356,-0.933117424926237
217,"Estudo_K","Planalto Sol","Maturo","Novilha",631,11.6,0.01838351823,"Modelo_4",0.200787401574803,-1.60550863429421,-1.27412786372444
217,"Estudo_K","Planalto Sol","Maturo","Novilha",631,11.6,0.01838351823,"Modelo_5",0.300668274278215,-1.20174770077859,-1.00896458962391
218,"Estudo_BE","Grandvale","Terminação","Boi",498.53,10.46,0.02098168616,"Modelo_1",0.677263581488934,-0.389694744339923,-0.36777779277238
218,"Estudo_BE","Grandvale","Terminação","Boi",498.53,10.46,0.02098168616,"Modelo_2",0.472720321931589,-0.749251350925342,-0.671014728569801
218,"Estudo_BE","Grandvale","Terminação","Boi",498.53,10.46,0.02098168616,"Modelo_3",0.710633802816901,-0.341598027124824,-0.324677547635041
218,"Estudo_BE","Grandvale","Terminação","Boi",498.53,10.46,0.02098168616,"Modelo_4",1.20985915492958,0.190503951948896,0.196052919975528
218,"Estudo_BE","Grandvale","Terminação","Boi",498.53,10.46,0.02098168616,"Modelo_5",0.708215171026157,-0.345007317582132,-0.327753188941593
219,"Estudo_BD","Grandvale","Terminação","Boi",363,9.05,0.02493112948,"Modelo_1",0.166666666666667,-1.79175946922805,-1.38603106310711
219,"Estudo_BD","Grandvale","Terminação","Boi",363,9.05,0.02493112948,"Modelo_2",0.0353348909657321,-3.34288439057403,-2.11057713799016
219,"Estudo_BD","Grandvale","Terminação","Boi",363,9.05,0.02493112948,"Modelo_3",0.179322429906542,-1.71856980911449,-1.34280148879417
219,"Estudo_BD","Grandvale","Terminação","Boi",363,9.05,0.02493112948,"Modelo_4",0.480140186915888,-0.733677161645507,-0.658546587911871
219,"Estudo_BD","Grandvale","Terminação","Boi",363,9.05,0.02493112948,"Modelo_5",0.0931838006230529,-2.3731813854552,-1.69771913760325
220,"Estudo_BE","Grandvale","Terminação","Boi",502.63,10.71,0.02130792034,"Modelo_1",0.269409124906507,-1.31152414436009,-1.08426611412521
220,"Estudo_BE","Grandvale","Terminação","Boi",502.63,10.71,0.02130792034,"Modelo_2",0.112740463724757,-2.1826668831142,-1.60151357449077
220,"Estudo_BE","Grandvale","Terminação","Boi",502.63,10.71,0.02130792034,"Modelo_3",0.296462228870606,-1.21583545864024,-1.01876740329552
220,"Estudo_BE","Grandvale","Terminação","Boi",502.63,10.71,0.02130792034,"Modelo_4",0.682198952879581,-0.382433943915831,-0.361311060203129
220,"Estudo_BE","Grandvale","Terminação","Boi",502.63,10.71,0.02130792034,"Modelo_5",0.294165654450262,-1.223612219811,-1.02416105701108
221,"Estudo_BD","Grandvale","Terminação","Boi",363,10.25,0.0282369146,"Modelo_1",0.0256089943785134,-3.66481164629241,-2.22314539984916
221,"Estudo_BD","Grandvale","Terminação","Boi",363,10.25,0.0282369146,"Modelo_2",0.098157401623985,-2.32118294975314,-1.67200427529802
221,"Estudo_BD","Grandvale","Terminação","Boi",363,10.25,0.0282369146,"Modelo_3",0.0447532792004996,-3.10659055872254,-2.02075205920855
221,"Estudo_BD","Grandvale","Terminação","Boi",363,10.25,0.0282369146,"Modelo_4",0.344472204871955,-1.06574187430316,-0.912164912839971
221,"Estudo_BD","Grandvale","Terminação","Boi",363,10.25,0.0282369146,"Modelo_5",0.0385708931917551,-3.25525734934916,-2.07800695709538
222,"Estudo_BD","Grandvale","Terminação","Boi",363,8.8,0.02424242424,"Modelo_1",0.204336043360434,-1.58798936902661,-1.26327664283187
222,"Estudo_BD","Grandvale","Terminação","Boi",363,8.8,0.02424242424,"Modelo_2",0.29240108401084,-1.22962884382597,-1.02832532406784
222,"Estudo_BD","Grandvale","Terminação","Boi",363,8.8,0.02424242424,"Modelo_3",0.115140921409214,-2.16159849725465,-1.59053291525579
222,"Estudo_BD","Grandvale","Terminação","Boi",363,8.8,0.02424242424,"Modelo_4",0.00162601626016266,-6.42162226780648,-2.84780317545024
222,"Estudo_BD","Grandvale","Terminação","Boi",363,8.8,0.02424242424,"Modelo_5",0.174524119241192,-1.74569232774381,-1.35893224489792
223,"Estudo_BD","Grandvale","Terminação","Boi",363,9.18,0.0252892562,"Modelo_1",0.191020844468199,-1.65537272354876,-1.30470272700253
223,"Estudo_BD","Grandvale","Terminação","Boi",363,9.18,0.0252892562,"Modelo_2",0.282858364510957,-1.26280898538007,-1.05115565612191
223,"Estudo_BD","Grandvale","Terminação","Boi",363,9.18,0.0252892562,"Modelo_3",0.100628006413682,-2.29632466628668,-1.6595686270038
223,"Estudo_BD","Grandvale","Terminação","Boi",363,9.18,0.0252892562,"Modelo_4",0.030358097274185,-3.49469200054698,-2.16501522054632
223,"Estudo_BD","Grandvale","Terminação","Boi",363,9.18,0.0252892562,"Modelo_5",0.163044895777659,-1.81372968188165,-1.39882365190458
225,"Estudo_P","Costa Austral","Crescimento","Boi",390,11.81,0.03028205128,"Modelo_1",0.227859856479527,-1.47902450357488,-1.19448942511302
225,"Estudo_P","Costa Austral","Crescimento","Boi",390,11.81,0.03028205128,"Modelo_2",0.327701983959477,-1.11565066910138,-0.948146152964847
225,"Estudo_P","Costa Austral","Crescimento","Boi",390,11.81,0.03028205128,"Modelo_3",0.219071338117349,-1.51835785738089,-1.21957947387381
225,"Estudo_P","Costa Austral","Crescimento","Boi",390,11.81,0.03028205128,"Modelo_4",0.322009286618826,-1.13317489342247,-0.960652815284607
225,"Estudo_P","Costa Austral","Crescimento","Boi",390,11.81,0.03028205128,"Modelo_5",0.276247361756015,-1.28645857640025,-1.06729012302044
226,"Estudo_S","Grandvale","Crescimento","Boi",365,4.53,0.0124109589,"Modelo_1",0.336757357023876,-1.08839261679185,-0.92856151917531
226,"Estudo_S","Grandvale","Crescimento","Boi",365,4.53,0.0124109589,"Modelo_2",0.376622709605775,-0.976511362915514,-0.846477001606635
226,"Estudo_S","Grandvale","Crescimento","Boi",365,4.53,0.0124109589,"Modelo_3",0.343309272626319,-1.06912356861143,-0.914619962735252
226,"Estudo_S","Grandvale","Crescimento","Boi",365,4.53,0.0124109589,"Modelo_4",0.339741810105497,-1.07956933189118,-0.922187691130509
226,"Estudo_S","Grandvale","Crescimento","Boi",365,4.53,0.0124109589,"Modelo_5",0.359571071626874,-1.02284342559706,-0.880804236236131
227,"Estudo_S","Grandvale","Crescimento","Boi",365,4.57,0.01252054795,"Modelo_1",0.339022711631108,-1.08168817788385,-0.923719857999587
227,"Estudo_S","Grandvale","Crescimento","Boi",365,4.57,0.01252054795,"Modelo_2",0.379230557467309,-0.969610927809727,-0.841323552070072
227,"Estudo_S","Grandvale","Crescimento","Boi",365,4.57,0.01252054795,"Modelo_3",0.345189263592567,-1.06366242224795,-0.910654030523467
227,"Estudo_S","Grandvale","Crescimento","Boi",365,4.57,0.01252054795,"Modelo_4",0.339504473503097,-1.08026815533059,-0.922693127674202
227,"Estudo_S","Grandvale","Crescimento","Boi",365,4.57,0.01252054795,"Modelo_5",0.361837577426015,-1.01655984898747,-0.876176679624841
228,"Estudo_S","Grandvale","Crescimento","Boi",365,4.54,0.01243835616,"Modelo_1",0.356816348480774,-1.03053405959286,-0.886456164786844
228,"Estudo_S","Grandvale","Crescimento","Boi",365,4.54,0.01243835616,"Modelo_2",0.395592901317558,-0.927369623485684,-0.809542885788325
228,"Estudo_S","Grandvale","Crescimento","Boi",365,4.54,0.01243835616,"Modelo_3",0.363081473514386,-1.01312802495807,-0.873645618150313
228,"Estudo_S","Grandvale","Crescimento","Boi",365,4.54,0.01243835616,"Modelo_4",0.359101909115354,-1.02414906137505,-0.881764681045909
228,"Estudo_S","Grandvale","Crescimento","Boi",365,4.54,0.01243835616,"Modelo_5",0.37895939768755,-0.970326209750556,-0.84185824157783
229,"Estudo_S","Grandvale","Crescimento","Boi",365,4.54,0.01243835616,"Modelo_1",0.372836916622968,-0.986614175797178,-0.854002864243185
229,"Estudo_S","Grandvale","Crescimento","Boi",365,4.54,0.01243835616,"Modelo_2",0.410647614053487,-0.890019818983308,-0.781104936598797
229,"Estudo_S","Grandvale","Crescimento","Boi",365,4.54,0.01243835616,"Modelo_3",0.378945988463555,-0.970361594705569,-0.841884689657661
229,"Estudo_S","Grandvale","Crescimento","Boi",365,4.54,0.01243835616,"Modelo_4",0.375065547981122,-0.9806544736702,-0.849566077815218
229,"Estudo_S","Grandvale","Crescimento","Boi",365,4.54,0.01243835616,"Modelo_5",0.394428421604615,-0.930317595958036,-0.811773918519051
230,"Estudo_CT","Grandvale","Crescimento","Boi",365,8.522,0.02334794521,"Modelo_1",0.420435643564356,-0.866463858691464,-0.763005000486661
230,"Estudo_CT","Grandvale","Crescimento","Boi",365,8.522,0.02334794521,"Modelo_2",0.266335445544554,-1.32299869120996,-1.09199491197774
230,"Estudo_CT","Grandvale","Crescimento","Boi",365,8.522,0.02334794521,"Modelo_3",0.390677227722772,-0.93987356445862,-0.818992349412695
230,"Estudo_CT","Grandvale","Crescimento","Boi",365,8.522,0.02334794521,"Modelo_4",0.147516831683168,-1.91381299660644,-1.45604397572471
230,"Estudo_CT","Grandvale","Crescimento","Boi",365,8.522,0.02334794521,"Modelo_5",0.294045544554455,-1.22402061019078,-1.02444395280381
232,"Estudo_CT","Grandvale","Crescimento","Boi",365,7.543,0.02066575342,"Modelo_1",0.0537280000000001,-2.923820998087,-1.94677243854369
232,"Estudo_CT","Grandvale","Crescimento","Boi",365,7.543,0.02066575342,"Modelo_2",0.05151824,-2.96581935926024,-1.964132828271
232,"Estudo_CT","Grandvale","Crescimento","Boi",365,7.543,0.02066575342,"Modelo_3",0.1207808,-2.11377794651114,-1.56535020676698
232,"Estudo_CT","Grandvale","Crescimento","Boi",365,7.543,0.02066575342,"Modelo_4",0.267224,-1.31966802099397,-1.08975424498856
232,"Estudo_CT","Grandvale","Crescimento","Boi",365,7.543,0.02066575342,"Modelo_5",0.0551192000000001,-2.89825716617016,-1.93609781532527
233,"Estudo_CT","Grandvale","Crescimento","Boi",365,8.045,0.02204109589,"Modelo_1",0.165212121212121,-1.8005250476322,-1.39114510524734
233,"Estudo_CT","Grandvale","Crescimento","Boi",365,8.045,0.02204109589,"Modelo_2",0.252428484848485,-1.37662729870627,-1.12776634212547
233,"Estudo_CT","Grandvale","Crescimento","Boi",365,8.045,0.02204109589,"Modelo_3",0.110763636363636,-2.20035675019956,-1.6106799286444
233,"Estudo_CT","Grandvale","Crescimento","Boi",365,8.045,0.02204109589,"Modelo_4",0.0239090909090909,-3.73349651960274,-2.24578726100238
233,"Estudo_CT","Grandvale","Crescimento","Boi",365,8.045,0.02204109589,"Modelo_5",0.166287878787879,-1.79403478306519,-1.38735982669255
234,"Estudo_CT","Grandvale","Crescimento","Boi",365,8.649,0.02369589041,"Modelo_1",0.166735632183908,-1.79134576171336,-1.38578936403375
234,"Estudo_CT","Grandvale","Crescimento","Boi",365,8.649,0.02369589041,"Modelo_2",0.257980114942529,-1.35487277089703,-1.11332494799424
234,"Estudo_CT","Grandvale","Crescimento","Boi",365,8.649,0.02369589041,"Modelo_3",0.110937931034483,-2.1987844139387,-1.60986715984367
234,"Estudo_CT","Grandvale","Crescimento","Boi",365,8.649,0.02369589041,"Modelo_4",0.0438448275862068,-3.12709852410644,-2.02880277962961
234,"Estudo_CT","Grandvale","Crescimento","Boi",365,8.649,0.02369589041,"Modelo_5",0.170185632183908,-1.77086548365703,-1.37378665636798
235,"Estudo_AG","Grandvale","Terminação","Novilha",725,20,0.0275862069,"Modelo_1",0.4376,-0.826450027874366,-0.731964460677141
235,"Estudo_AG","Grandvale","Terminação","Novilha",725,20,0.0275862069,"Modelo_2",0.5252,-0.643976136553496,-0.585590014773304
235,"Estudo_AG","Grandvale","Terminação","Novilha",725,20,0.0275862069,"Modelo_3",0.3847732,-0.955101209185667,-0.83045240041239
235,"Estudo_AG","Grandvale","Terminação","Novilha",725,20,0.0275862069,"Modelo_4",0.16,-1.83258146374831,-1.40973345879038
235,"Estudo_AG","Grandvale","Terminação","Novilha",725,20,0.0275862069,"Modelo_5",0.3769644,-0.975604525701115,-0.845800357409345
236,"Estudo_AG","Grandvale","Terminação","Novilha",695,20,0.02877697842,"Modelo_1",0.4376,-0.826450027874366,-0.731964460677141
236,"Estudo_AG","Grandvale","Terminação","Novilha",695,20,0.02877697842,"Modelo_2",0.5252,-0.643976136553496,-0.585590014773304
236,"Estudo_AG","Grandvale","Terminação","Novilha",695,20,0.02877697842,"Modelo_3",0.3847732,-0.955101209185667,-0.83045240041239
236,"Estudo_AG","Grandvale","Terminação","Novilha",695,20,0.02877697842,"Modelo_4",0.16,-1.83258146374831,-1.40973345879038
236,"Estudo_AG","Grandvale","Terminação","Novilha",695,20,0.02877697842,"Modelo_5",0.3829404,-0.959875915487563,-0.834034990336616
238,"Estudo_CC","Costa Austral","Terminação","Boi",477,9,0.01886792453,"Modelo_1",0.507070707070707,-0.679104823436907,-0.61439534854462
238,"Estudo_CC","Costa Austral","Terminação","Boi",477,9,0.01886792453,"Modelo_2",0.337979797979798,-1.08476915457591,-0.925946017915396
238,"Estudo_CC","Costa Austral","Terminação","Boi",477,9,0.01886792453,"Modelo_3",0.488503434343434,-0.716408777138273,-0.644653859437633
238,"Estudo_CC","Costa Austral","Terminação","Boi",477,9,0.01886792453,"Modelo_4",0.236363636363636,-1.44238382777094,-1.17084912780639
238,"Estudo_CC","Costa Austral","Terminação","Boi",477,9,0.01886792453,"Modelo_5",0.493277575757576,-0.706683229392588,-0.636797740072279
239,"Estudo_CK","Campo Rico","Crescimento","Novilho",307,9.87,0.03214983713,"Modelo_1",0.0994490358126722,-2.30810996892602,-1.66547592503923
239,"Estudo_CK","Campo Rico","Crescimento","Novilho",307,9.87,0.03214983713,"Modelo_2",0.0305798898071624,-3.48741268191602,-2.1624610647427
239,"Estudo_CK","Campo Rico","Crescimento","Novilho",307,9.87,0.03214983713,"Modelo_3",0.0977548209366392,-2.3252927622879,-1.674051338378
239,"Estudo_CK","Campo Rico","Crescimento","Novilho",307,9.87,0.03214983713,"Modelo_4",0.0755371900826446,-2.58313016013068,-1.79756045782143
239,"Estudo_CK","Campo Rico","Crescimento","Novilho",307,9.87,0.03214983713,"Modelo_5",0.0270785123966941,-3.60901476609933,-2.20440548617564
240,"Estudo_CJ","Campo Rico","Terminação","Novilho",377,10.48,0.02779840849,"Modelo_1",0.0941022280471823,-2.36337355523028,-1.69289950265262
240,"Estudo_CJ","Campo Rico","Terminação","Novilho",377,10.48,0.02779840849,"Modelo_2",0.0394547837483618,-3.23259997799332,-2.06944517316826
240,"Estudo_CJ","Campo Rico","Terminação","Novilho",377,10.48,0.02779840849,"Modelo_3",0.0918988204456095,-2.38706708489754,-1.70451845990655
240,"Estudo_CJ","Campo Rico","Terminação","Novilho",377,10.48,0.02779840849,"Modelo_4",0.066002621231979,-2.71806082210831,-1.85848588778874
240,"Estudo_CJ","Campo Rico","Terminação","Novilho",377,10.48,0.02779840849,"Modelo_5",0.0113441677588467,-4.47905152096896,-2.46375134151032
241,"Estudo_CK","Campo Rico","Crescimento","Novilho",308,9.85,0.03198051948,"Modelo_1",0.00441083805923136,-5.42369057147107,-2.67834271533451
241,"Estudo_CK","Campo Rico","Crescimento","Novilho",308,9.85,0.03198051948,"Modelo_2",0.114247006931317,-2.16939244708869,-1.59460314463566
241,"Estudo_CK","Campo Rico","Crescimento","Novilho",308,9.85,0.03198051948,"Modelo_3",0.00270951480781353,-5.91098569782688,-2.76742485053541
241,"Estudo_CK","Campo Rico","Crescimento","Novilho",308,9.85,0.03198051948,"Modelo_4",0.155891619407687,-1.85859426056802,-1.42468650114567
241,"Estudo_CK","Campo Rico","Crescimento","Novilho",308,9.85,0.03198051948,"Modelo_5",0.11063768115942,-2.20149455027422,-1.6112678388518
242,"Estudo_CJ","Campo Rico","Terminação","Novilho",377,10.63,0.02819628647,"Modelo_1",0.085807150595883,-2.45565293568247,-1.73769011979616
242,"Estudo_CJ","Campo Rico","Terminação","Novilho",377,10.63,0.02819628647,"Modelo_2",0.198211267605634,-1.61842180902688,-1.28208969589952
242,"Estudo_CJ","Campo Rico","Terminação","Novilho",377,10.63,0.02819628647,"Modelo_3",0.0866535211267606,-2.4458376274458,-1.73298467639649
242,"Estudo_CJ","Campo Rico","Terminação","Novilho",377,10.63,0.02819628647,"Modelo_4",0.216858071505959,-1.52851218778425,-1.22600880259671
242,"Estudo_CJ","Campo Rico","Terminação","Novilho",377,10.63,0.02819628647,"Modelo_5",0.154788082340195,-1.86569830825664,-1.42874990505035
243,"Estudo_BR","Grandvale","Crescimento","Boi",236,4.13,0.0175,"Modelo_1",0.266713189113747,-1.321581396022,-1.09104171790074
243,"Estudo_BR","Grandvale","Crescimento","Boi",236,4.13,0.0175,"Modelo_2",0.200281926029309,-1.60802927488344,-1.27568443018506
243,"Estudo_BR","Grandvale","Crescimento","Boi",236,4.13,0.0175,"Modelo_3",0.151207257501744,-1.88910381703848,-1.44207638658162
243,"Estudo_BR","Grandvale","Crescimento","Boi",236,4.13,0.0175,"Modelo_4",0.216078157711096,-1.53211509549166,-1.22828532080047
243,"Estudo_BR","Grandvale","Crescimento","Boi",236,4.13,0.0175,"Modelo_5",0.0478632240055827,-3.03940783551157,-1.99402882757029
246,"Estudo_BR","Grandvale","Crescimento","Boi",236,4.01,0.01699152542,"Modelo_1",0.0355942028985506,-3.33557249431237,-2.10789199410672
246,"Estudo_BR","Grandvale","Crescimento","Boi",236,4.01,0.01699152542,"Modelo_2",0.0161692753623188,-4.1246424201067,-2.36620097889379
246,"Estudo_BR","Grandvale","Crescimento","Boi",236,4.01,0.01699152542,"Modelo_3",0.0620289855072463,-2.78015349500356,-1.88570475291442
246,"Estudo_BR","Grandvale","Crescimento","Boi",236,4.01,0.01699152542,"Modelo_4",0.367698550724638,-1.00049183214409,-0.864303595728994
246,"Estudo_BR","Grandvale","Crescimento","Boi",236,4.01,0.01699152542,"Modelo_5",0.224758260869565,-1.49272985049025,-1.20326545030711
248,"Estudo_V","Grandvale","Terminação","Boi",612.55,10.59,0.01728838462,"Modelo_1",0.529497287927082,-0.635827235904535,-0.578864471061191
248,"Estudo_V","Grandvale","Terminação","Boi",612.55,10.59,0.01728838462,"Modelo_2",0.587237599955265,-0.532325771110468,-0.4919953191139
248,"Estudo_V","Grandvale","Terminação","Boi",612.55,10.59,0.01728838462,"Modelo_3",0.524464659173517,-0.645377233447348,-0.586744728465059
248,"Estudo_V","Grandvale","Terminação","Boi",612.55,10.59,0.01728838462,"Modelo_4",0.597315886596209,-0.515309182249164,-0.477453268038485
248,"Estudo_V","Grandvale","Terminação","Boi",612.55,10.59,0.01728838462,"Modelo_5",0.493960828720013,-0.7052990590272,-0.63567776815636
250,"Estudo_AJ","Campo Rico","Crescimento","Novilho",444,6.6,0.01486486486,"Modelo_1",0.0947368421052631,-2.35665231426432,-1.68958844028783
250,"Estudo_AJ","Campo Rico","Crescimento","Novilho",444,6.6,0.01486486486,"Modelo_2",0.17621052631579,-1.73607582653921,-1.35322797144781
250,"Estudo_AJ","Campo Rico","Crescimento","Novilho",444,6.6,0.01486486486,"Modelo_3",0.0402255639097744,-3.21325256731384,-2.06208795336379
250,"Estudo_AJ","Campo Rico","Crescimento","Novilho",444,6.6,0.01486486486,"Modelo_4",0.0421052631578947,-3.16758253048065,-2.04455074193808
250,"Estudo_AJ","Campo Rico","Crescimento","Novilho",444,6.6,0.01486486486,"Modelo_5",0.0293052631578948,-3.52998814912837,-2.17732109199467
251,"Estudo_AJ","Campo Rico","Crescimento","Novilho",444,8.8,0.01981981982,"Modelo_1",0.0715328467153285,-2.6375985401516,-1.8224518530512
251,"Estudo_AJ","Campo Rico","Crescimento","Novilho",444,8.8,0.01981981982,"Modelo_2",0.047065693430657,-3.0562109206238,-2.00076317392102
251,"Estudo_AJ","Campo Rico","Crescimento","Novilho",444,8.8,0.01981981982,"Modelo_3",0.143722627737226,-1.93987003317709,-1.47066174615384
251,"Estudo_AJ","Campo Rico","Crescimento","Novilho",444,8.8,0.01981981982,"Modelo_4",0.348905109489051,-1.05295528633071,-0.902859531737937
251,"Estudo_AJ","Campo Rico","Crescimento","Novilho",444,8.8,0.01981981982,"Modelo_5",0.123813138686131,-2.08898179604192,-1.55214941563012
252,"Estudo_BC","Monção Dourada","Maturo","Novilho",331.5,6.2,0.01870286576,"Modelo_1",0.0745491727086819,-2.59629633496667,-1.80361456978214
252,"Estudo_BC","Monção Dourada","Maturo","Novilho",331.5,6.2,0.01870286576,"Modelo_2",0.0170291875813348,-4.07282649059316,-2.35104966349374
252,"Estudo_BC","Monção Dourada","Maturo","Novilho",331.5,6.2,0.01870286576,"Modelo_3",0.0844023052612009,-2.4721605642319,-1.74557267099196
252,"Estudo_BC","Monção Dourada","Maturo","Novilho",331.5,6.2,0.01870286576,"Modelo_4",0.210262130507529,-1.55940028615712,-1.24544598111339
252,"Estudo_BC","Monção Dourada","Maturo","Novilho",331.5,6.2,0.01870286576,"Modelo_5",0.00211377579475742,-6.15927945451078,-2.80804661327743
253,"Estudo_BC","Monção Dourada","Maturo","Novilho",343.5,5.5,0.01601164483,"Modelo_1",0.0526315789473684,-2.94443897916644,-1.95532239474723
253,"Estudo_BC","Monção Dourada","Maturo","Novilho",343.5,5.5,0.01601164483,"Modelo_2",0.0271995286724274,-3.6045556340499,-2.20289426408675
253,"Estudo_BC","Monção Dourada","Maturo","Novilho",343.5,5.5,0.01601164483,"Modelo_3",0.0547918303220738,-2.90421417785593,-1.93859258994363
253,"Estudo_BC","Monção Dourada","Maturo","Novilho",343.5,5.5,0.01601164483,"Modelo_4",0.134131971720346,-2.0089311001065,-1.50885614418513
253,"Estudo_BC","Monção Dourada","Maturo","Novilho",343.5,5.5,0.01601164483,"Modelo_5",0.00733896307934013,-4.91455771617991,-2.57025494084605
254,"Estudo_BC","Monção Dourada","Maturo","Novilho",344.3,4,0.0116177752,"Modelo_1",0.134571355889087,-2.00566069356356,-1.50706523113567
254,"Estudo_BC","Monção Dourada","Maturo","Novilho",344.3,4,0.0116177752,"Modelo_2",0.0780971762910201,-2.54980137783466,-1.78212780169893
254,"Estudo_BC","Monção Dourada","Maturo","Novilho",344.3,4,0.0116177752,"Modelo_3",0.114474688374459,-2.1674015426575,-1.59356434075146
254,"Estudo_BC","Monção Dourada","Maturo","Novilho",344.3,4,0.0116177752,"Modelo_4",0.0684304248282879,-2.68193774582002,-1.84241616383966
254,"Estudo_BC","Monção Dourada","Maturo","Novilho",344.3,4,0.0116177752,"Modelo_5",0.0712576952429406,-2.64145246225563,-1.82419768946912
255,"Estudo_AM","Grandvale","Terminação","Vaca",453,8.8,0.01942604857,"Modelo_1",0.276410746891575,-1.28586730618178,-1.06688813420969
255,"Estudo_AM","Grandvale","Terminação","Vaca",453,8.8,0.01942604857,"Modelo_2",0.135136075123902,-2.00147304431744,-1.50476945828149
255,"Estudo_AM","Grandvale","Terminação","Vaca",453,8.8,0.01942604857,"Modelo_3",0.243248413181462,-1.41367208134342,-1.15214206716098
255,"Estudo_AM","Grandvale","Terminação","Vaca",453,8.8,0.01942604857,"Modelo_4",0.040605164768281,-3.20386000942368,-2.05850082814784
255,"Estudo_AM","Grandvale","Terminação","Vaca",453,8.8,0.01942604857,"Modelo_5",0.230247804538736,-1.46859913901168,-1.18778948493061
256,"Estudo_AM","Grandvale","Terminação","Vaca",453,8.8,0.01942604857,"Modelo_1",0.241227699332037,-1.42201398103762,-1.15759382623845
256,"Estudo_AM","Grandvale","Terminação","Vaca",453,8.8,0.01942604857,"Modelo_2",0.103847129449565,-2.26483537035581,-1.6436820047201
256,"Estudo_AM","Grandvale","Terminação","Vaca",453,8.8,0.01942604857,"Modelo_3",0.20897945379217,-1.56551933906429,-1.2492752332803
256,"Estudo_AM","Grandvale","Terminação","Vaca",453,8.8,0.01942604857,"Modelo_4",0.0119218736788705,-4.42938044187294,-2.45069639229865
256,"Estudo_AM","Grandvale","Terminação","Vaca",453,8.8,0.01942604857,"Modelo_5",0.196337194554832,-1.62792171752907,-1.28792736141638
257,"Estudo_AM","Grandvale","Terminação","Vaca",453,8.8,0.01942604857,"Modelo_1",0.275191104933982,-1.29028949563289,-1.06989293561414
257,"Estudo_AM","Grandvale","Terminação","Vaca",453,8.8,0.01942604857,"Modelo_2",0.134051424600417,-2.00953178697568,-1.50918489640986
257,"Estudo_AM","Grandvale","Terminação","Vaca",453,8.8,0.01942604857,"Modelo_3",0.242060458651841,-1.41856775488771,-1.15534323591702
257,"Estudo_AM","Grandvale","Terminação","Vaca",453,8.8,0.01942604857,"Modelo_4",0.0396108408617095,-3.22865243905282,-2.06794751221345
257,"Estudo_AM","Grandvale","Terminação","Vaca",453,8.8,0.01942604857,"Modelo_5",0.229072272411397,-1.47371772516935,-1.19108160194896
258,"Estudo_AM","Grandvale","Terminação","Vaca",453,9.2,0.02030905077,"Modelo_1",0.290322580645161,-1.23676262714893,-1.03325307746699
258,"Estudo_AM","Grandvale","Terminação","Vaca",453,9.2,0.02030905077,"Modelo_2",0.143654779130139,-1.9403422248437,-1.47092558886608
258,"Estudo_AM","Grandvale","Terminação","Vaca",453,9.2,0.02030905077,"Modelo_3",0.261945697506171,-1.33961805812949,-1.10314198796901
258,"Estudo_AM","Grandvale","Terminação","Vaca",453,9.2,0.02030905077,"Modelo_4",0.0649416971657163,-2.73426537828311,-1.86563826302703
258,"Estudo_AM","Grandvale","Terminação","Vaca",453,9.2,0.02030905077,"Modelo_5",0.242750872414674,-1.41571957793591,-1.15348145026703
259,"Estudo_BK","Grandvale","Crescimento","Boi",529,7.9,0.01493383743,"Modelo_1",0.39917695473251,-0.918350464837166,-0.802704899094475
259,"Estudo_BK","Grandvale","Crescimento","Boi",529,7.9,0.01493383743,"Modelo_2",0.254794238683127,-1.36729896667349,-1.12158541913971
259,"Estudo_BK","Grandvale","Crescimento","Boi",529,7.9,0.01493383743,"Modelo_3",0.554434156378601,-0.589807223374728,-0.540572542560209
259,"Estudo_BK","Grandvale","Crescimento","Boi",529,7.9,0.01493383743,"Modelo_4",0.70679012345679,-0.34702151223809,-0.329568787380514
259,"Estudo_BK","Grandvale","Crescimento","Boi",529,7.9,0.01493383743,"Modelo_5",0.629479423868313,-0.462862112500078,-0.432163139909438
260,"Estudo_BK","Grandvale","Crescimento","Boi",529,7.84,0.01482041588,"Modelo_1",0.3528,-1.0418539548495,-0.894751589290194
260,"Estudo_BK","Grandvale","Crescimento","Boi",529,7.84,0.01482041588,"Modelo_2",0.213936,-1.54207837410983,-1.23456788084472
260,"Estudo_BK","Grandvale","Crescimento","Boi",529,7.84,0.01482041588,"Modelo_3",0.50299,-0.687184989795728,-0.620978208102076
260,"Estudo_BK","Grandvale","Crescimento","Boi",529,7.84,0.01482041588,"Modelo_4",0.6464,-0.436336771775251,-0.40898468138006
260,"Estudo_BK","Grandvale","Crescimento","Boi",529,7.84,0.01482041588,"Modelo_5",0.577074,-0.549784771130586,-0.506838489278566
262,"Estudo_BJ","Grandvale","Terminação","Boi",529,11.9,0.0224952741,"Modelo_1",0.508196721311475,-0.676886659688166,-0.612585431505675
262,"Estudo_BJ","Grandvale","Terminação","Boi",529,11.9,0.0224952741,"Modelo_2",0.312508196721312,-1.16312458064147,-0.98187564177438
262,"Estudo_BJ","Grandvale","Terminação","Boi",529,11.9,0.0224952741,"Modelo_3",0.549549180327869,-0.598657009001651,-0.547977308913181
262,"Estudo_BJ","Grandvale","Terminação","Boi",529,11.9,0.0224952741,"Modelo_4",1.0483606557377,0.0472276638515359,0.0475638173848702
262,"Estudo_BJ","Grandvale","Terminação","Boi",529,11.9,0.0224952741,"Modelo_5",0.550027868852459,-0.5977863313985,-0.54724966975427
264,"Estudo_BJ","Grandvale","Terminação","Boi",529,12.7,0.02400756144,"Modelo_1",0.5125,-0.668454567969574,-0.605694240351619
264,"Estudo_BJ","Grandvale","Terminação","Boi",529,12.7,0.02400756144,"Modelo_2",0.310609375,-1.16921918520729,-0.986171075167547
264,"Estudo_BJ","Grandvale","Terminação","Boi",529,12.7,0.02400756144,"Modelo_3",0.5594140625,-0.580865359988951,-0.53307073940595
264,"Estudo_BJ","Grandvale","Terminação","Boi",529,12.7,0.02400756144,"Modelo_4",1.08359375,0.0802830634011687,0.0812576777142585
264,"Estudo_BJ","Grandvale","Terminação","Boi",529,12.7,0.02400756144,"Modelo_5",0.5479953125,-0.601488545902823,-0.550342355773161
265,"Estudo_M","Ilha Verdejante","Terminação","Novilha",456.7,10.22,0.02237792862,"Modelo_1",0.244976958525346,-1.40659111969541,-1.14750366273986
265,"Estudo_M","Ilha Verdejante","Terminação","Novilha",456.7,10.22,0.02237792862,"Modelo_2",0.335950230414746,-1.09079225375598,-0.930292069997179
265,"Estudo_M","Ilha Verdejante","Terminação","Novilha",456.7,10.22,0.02237792862,"Modelo_3",0.209967741935484,-1.5608013698949,-1.246323388207
265,"Estudo_M","Ilha Verdejante","Terminação","Novilha",456.7,10.22,0.02237792862,"Modelo_4",0.0109677419354838,-4.51279686585708,-2.47251023419275
265,"Estudo_M","Ilha Verdejante","Terminação","Novilha",456.7,10.22,0.02237792862,"Modelo_5",0.228689769585253,-1.47538891185621,-1.19215536353008
267,"Estudo_AI","Ilha Verdejante","Crescimento","Novilho",190,6.31,0.03321052632,"Modelo_1",0.359342465753425,-1.02347940160604,-0.881272116500746
267,"Estudo_AI","Ilha Verdejante","Crescimento","Novilho",190,6.31,0.03321052632,"Modelo_2",0.414808767123288,-0.879937667065918,-0.773373663986037
267,"Estudo_AI","Ilha Verdejante","Crescimento","Novilho",190,6.31,0.03321052632,"Modelo_3",0.274591780821918,-1.29246971755318,-1.07137289227741
267,"Estudo_AI","Ilha Verdejante","Crescimento","Novilho",190,6.31,0.03321052632,"Modelo_4",0.273917808219178,-1.29492718759707,-1.0730398877205
267,"Estudo_AI","Ilha Verdejante","Crescimento","Novilho",190,6.31,0.03321052632,"Modelo_5",0.403386301369863,-0.907860611971522,-0.794728579133898
268,"Estudo_AI","Ilha Verdejante","Crescimento","Novilho",189.3,6.19,0.03269941891,"Modelo_1",0.0878357030015797,-2.43228722088764,-1.7264658229255
268,"Estudo_AI","Ilha Verdejante","Crescimento","Novilho",189.3,6.19,0.03269941891,"Modelo_2",0.165461295418641,-1.79901797605553,-1.39026680170983
268,"Estudo_AI","Ilha Verdejante","Crescimento","Novilho",189.3,6.19,0.03269941891,"Modelo_3",0.0331990521327014,-3.4052339536871,-2.13323605567963
268,"Estudo_AI","Ilha Verdejante","Crescimento","Novilho",189.3,6.19,0.03269941891,"Modelo_4",0.0267772511848342,-3.62020258831771,-2.20818820777748
268,"Estudo_AI","Ilha Verdejante","Crescimento","Novilho",189.3,6.19,0.03269941891,"Modelo_5",0.151214218009479,-1.88905778520344,-1.44205026899294
269,"Estudo_AD","Império Central","Terminação","Novilho",324.6,5.6,0.01725200246,"Modelo_1",0.266079891672309,-1.32395867066212,-1.09264031068681
269,"Estudo_AD","Império Central","Terminação","Novilho",324.6,5.6,0.01725200246,"Modelo_2",0.322789438050102,-1.13075506291687,-0.958929744520114
269,"Estudo_AD","Império Central","Terminação","Novilho",324.6,5.6,0.01725200246,"Modelo_3",0.170995260663507,-1.76611943828164,-1.37099463995095
269,"Estudo_AD","Império Central","Terminação","Novilho",324.6,5.6,0.01725200246,"Modelo_4",0.203791469194313,-1.5906580177825,-1.26493325586915
269,"Estudo_AD","Império Central","Terminação","Novilho",324.6,5.6,0.01725200246,"Modelo_5",0.230141096817874,-1.46906269372578,-1.18808783727431
270,"Estudo_AD","Império Central","Terminação","Novilho",325.7,5.96,0.0182990482,"Modelo_1",0.180218181818182,-1.71358704090563,-1.33982375610778
270,"Estudo_AD","Império Central","Terminação","Novilho",325.7,5.96,0.0182990482,"Modelo_2",0.247575272727273,-1.39604061098082,-1.14057421765282
270,"Estudo_AD","Império Central","Terminação","Novilho",325.7,5.96,0.0182990482,"Modelo_3",0.0749381818181818,-2.59109174774463,-1.80122423774499
270,"Estudo_AD","Império Central","Terminação","Novilho",325.7,5.96,0.0182990482,"Modelo_4",0.0897454545454546,-2.41077789862938,-1.71606350767534
270,"Estudo_AD","Império Central","Terminação","Novilho",325.7,5.96,0.0182990482,"Modelo_5",0.142649309090909,-1.9473660447209,-1.47484582212424
272,"Estudo_BS","Ilha Verdejante","Crescimento e Terminação","Vaca",422,9.33,0.02210900474,"Modelo_1",0.231124497991968,-1.46479876129682,-1.18534192684064
272,"Estudo_BS","Ilha Verdejante","Crescimento e Terminação","Vaca",422,9.33,0.02210900474,"Modelo_2",0.3192359437751,-1.14182481393433,-0.966801882856493
272,"Estudo_BS","Ilha Verdejante","Crescimento e Terminação","Vaca",422,9.33,0.02210900474,"Modelo_3",0.149618473895582,-1.89966673245902,-1.44806005697387
272,"Estudo_BS","Ilha Verdejante","Crescimento e Terminação","Vaca",422,9.33,0.02210900474,"Modelo_4",0.0164156626506023,-4.10951936024134,-2.36180321013107
272,"Estudo_BS","Ilha Verdejante","Crescimento e Terminação","Vaca",422,9.33,0.02210900474,"Modelo_5",0.180069277108434,-1.71441362931184,-1.3403180383913
274,"Estudo_BS","Ilha Verdejante","Crescimento e Terminação","Vaca",422,9.37,0.02220379147,"Modelo_1",0.161353711790393,-1.82415635616003,-1.40486534845907
274,"Estudo_BS","Ilha Verdejante","Crescimento e Terminação","Vaca",422,9.37,0.02220379147,"Modelo_2",0.257697598253275,-1.35596848130021,-1.11405457395375
274,"Estudo_BS","Ilha Verdejante","Crescimento e Terminação","Vaca",422,9.37,0.02220379147,"Modelo_3",0.0724672489082969,-2.6246205583823,-1.81655792911886
274,"Estudo_BS","Ilha Verdejante","Crescimento e Terminação","Vaca",422,9.37,0.02220379147,"Modelo_4",0.0740720524017468,-2.60271697839325,-1.80655826742417
274,"Estudo_BS","Ilha Verdejante","Crescimento e Terminação","Vaca",422,9.37,0.02220379147,"Modelo_5",0.105992358078603,-2.24438828106702,-1.63328561545942
275,"Estudo_AA","Campo Rico","Crescimento e Terminação","Novilho",528,10.7,0.02026515152,"Modelo_1",0.116666666666667,-2.14843441316678,-1.58363659528294
275,"Estudo_AA","Campo Rico","Crescimento e Terminação","Novilho",528,10.7,0.02026515152,"Modelo_2",0.225635416666667,-1.48883478290899,-1.20077496799384
275,"Estudo_AA","Campo Rico","Crescimento e Terminação","Novilho",528,10.7,0.02026515152,"Modelo_3",0.1068125,-2.23668031810633,-1.62934989530314
275,"Estudo_AA","Campo Rico","Crescimento e Terminação","Novilho",528,10.7,0.02026515152,"Modelo_4",0.242083333333333,-1.41847325948413,-1.15528149202587
275,"Estudo_AA","Campo Rico","Crescimento e Terminação","Novilho",528,10.7,0.02026515152,"Modelo_5",0.0949333333333334,-2.35458038811243,-1.68856640727492
276,"Estudo_AA","Campo Rico","Crescimento e Terminação","Novilho",534,10.3,0.01928838951,"Modelo_1",0.00722891566265053,-4.9296662315626,-2.57370580880374
276,"Estudo_AA","Campo Rico","Crescimento e Terminação","Novilho",534,10.3,0.01928838951,"Modelo_2",0.12733734939759,-2.06091541976939,-1.53708868617906
276,"Estudo_AA","Campo Rico","Crescimento e Terminação","Novilho",534,10.3,0.01928838951,"Modelo_3",0.00127710843373487,-6.66315679266672,-2.88174046258124
276,"Estudo_AA","Campo Rico","Crescimento e Terminação","Novilho",534,10.3,0.01928838951,"Modelo_4",0.156144578313253,-1.85697291687247,-1.42375790357508
276,"Estudo_AA","Campo Rico","Crescimento e Terminação","Novilho",534,10.3,0.01928838951,"Modelo_5",0.0231951807228916,-3.76381074934978,-2.25563286033032
279,"Estudo_CM","Grandvale","Crescimento","Novilho",408,10.2,0.025,"Modelo_1",0.230075187969925,-1.46934911926342,-1.18827216528313
279,"Estudo_CM","Grandvale","Crescimento","Novilho",408,10.2,0.025,"Modelo_2",0.0820150375939849,-2.50085266323841,-1.7591808756149
279,"Estudo_CM","Grandvale","Crescimento","Novilho",408,10.2,0.025,"Modelo_3",0.188270676691729,-1.66987458198986,-1.31350923067646
279,"Estudo_CM","Grandvale","Crescimento","Novilho",408,10.2,0.025,"Modelo_4",0.0430075187969925,-3.14638032283005,-2.03632710493941
279,"Estudo_CM","Grandvale","Crescimento","Novilho",408,10.2,0.025,"Modelo_5",0.123960902255639,-2.08778906748599,-1.55151196091375
280,"Estudo_CM","Grandvale","Crescimento","Novilho",408,9.43,0.0231127451,"Modelo_1",0.202180685358256,-1.59859349941997,-1.26985152447188
280,"Estudo_CM","Grandvale","Crescimento","Novilho",408,9.43,0.0231127451,"Modelo_2",0.063568535825545,-2.75563665077437,-1.87501811537392
280,"Estudo_CM","Grandvale","Crescimento","Novilho",408,9.43,0.0231127451,"Modelo_3",0.151682242990654,-1.88596745293541,-1.44029604802523
280,"Estudo_CM","Grandvale","Crescimento","Novilho",408,9.43,0.0231127451,"Modelo_4",0.00118380062305308,-6.73902514939162,-2.89190285596476
280,"Estudo_CM","Grandvale","Crescimento","Novilho",408,9.43,0.0231127451,"Modelo_5",0.0964626168224298,-2.3385997361334,-1.680662140765
281,"Estudo_CM","Grandvale","Crescimento","Novilho",408,6.44,0.01578431373,"Modelo_1",0.150291262135922,-1.89518012006806,-1.44552080132624
281,"Estudo_CM","Grandvale","Crescimento","Novilho",408,6.44,0.01578431373,"Modelo_2",0.0489087378640776,-3.01779921003724,-1.98531846639572
281,"Estudo_CM","Grandvale","Crescimento","Novilho",408,6.44,0.01578431373,"Modelo_3",0.052504854368932,-2.94684964948897,-1.95631861349269
281,"Estudo_CM","Grandvale","Crescimento","Novilho",408,6.44,0.01578431373,"Modelo_4",0.149669902912621,-1.89932305711757,-1.44786567037207
281,"Estudo_CM","Grandvale","Crescimento","Novilho",408,6.44,0.01578431373,"Modelo_5",0.0388233009708738,-3.24873467211875,-2.07554812552395
282,"Estudo_H","Campo Rico","Terminação","Novilho",502,11.8,0.0235059761,"Modelo_1",0.29645390070922,-1.21586355084746,-1.01878690959304
282,"Estudo_H","Campo Rico","Terminação","Novilho",502,11.8,0.0235059761,"Modelo_2",0.128879432624113,-2.04887794248102,-1.53059028334141
282,"Estudo_H","Campo Rico","Terminação","Novilho",502,11.8,0.0235059761,"Modelo_3",0.31113475177305,-1.16752917520004,-0.984980755133652
282,"Estudo_H","Campo Rico","Terminação","Novilho",502,11.8,0.0235059761,"Modelo_4",0.138156028368794,-1.97937159216378,-1.49260499991915
282,"Estudo_H","Campo Rico","Terminação","Novilho",502,11.8,0.0235059761,"Modelo_5",0.294320567375887,-1.22308574043575,-1.02379630873376
283,"Estudo_AY","Grandvale","Crescimento","Novilho",244,9,0.0368852459,"Modelo_1",0.246464646464647,-1.40053671783543,-1.14352988764065
283,"Estudo_AY","Grandvale","Crescimento","Novilho",244,9,0.0368852459,"Modelo_2",0.331010101010101,-1.10560638742387,-0.940948065901264
283,"Estudo_AY","Grandvale","Crescimento","Novilho",244,9,0.0368852459,"Modelo_3",0.157813131313131,-1.84634365912042,-1.41765897384668
283,"Estudo_AY","Grandvale","Crescimento","Novilho",244,9,0.0368852459,"Modelo_4",0.0454545454545455,-3.09104245335831,-2.01461531253259
283,"Estudo_AY","Grandvale","Crescimento","Novilho",244,9,0.0368852459,"Modelo_5",0.275033333333333,-1.29086297653995,-1.07028231407373
284,"Estudo_AY","Grandvale","Terminação","Novilho",582,10.7,0.01838487973,"Modelo_1",0.220143884892086,-1.51347392417236,-1.21648017411165
284,"Estudo_AY","Grandvale","Terminação","Novilho",582,10.7,0.01838487973,"Modelo_2",0.0696258992805755,-2.66461866475957,-1.83464961028206
284,"Estudo_AY","Grandvale","Terminação","Novilho",582,10.7,0.01838487973,"Modelo_3",0.266618705035971,-1.32193571227348,-1.09128004934178
284,"Estudo_AY","Grandvale","Terminação","Novilho",582,10.7,0.01838487973,"Modelo_4",0.616546762589928,-0.483621107526958,-0.450174609978647
284,"Estudo_AY","Grandvale","Terminação","Novilho",582,10.7,0.01838487973,"Modelo_5",0.320915107913669,-1.13657865215632,-0.963074388317421
285,"Estudo_AY","Grandvale","Terminação","Novilho",550,11,0.02,"Modelo_1",0.124675324675325,-2.08204232337989,-1.5484374099356
285,"Estudo_AY","Grandvale","Terminação","Novilho",550,11,0.02,"Modelo_2",0.015974025974026,-4.13679125246936,-2.36971942190685
285,"Estudo_AY","Grandvale","Terminação","Novilho",550,11,0.02,"Modelo_3",0.168961038961039,-1.77808712932927,-1.37802740646384
285,"Estudo_AY","Grandvale","Terminação","Novilho",550,11,0.02,"Modelo_4",0.5,-0.693147180559945,-0.625825345479215
285,"Estudo_AY","Grandvale","Terminação","Novilho",550,11,0.02,"Modelo_5",0.193571428571429,-1.64210869472365,-1.29661430045548
286,"Estudo_C","Campo Rico","Crescimento","Novilho",352,9.5,0.02698863636,"Modelo_1",0.339574468085106,-1.0800620096884,-0.922544040172201
286,"Estudo_C","Campo Rico","Crescimento","Novilho",352,9.5,0.02698863636,"Modelo_2",0.416042553191489,-0.87696773262658,-0.77109177386179
286,"Estudo_C","Campo Rico","Crescimento","Novilho",352,9.5,0.02698863636,"Modelo_3",0.342024680851064,-1.07287237829221,-0.9173386225176
286,"Estudo_C","Campo Rico","Crescimento","Novilho",352,9.5,0.02698863636,"Modelo_4",0.450212765957447,-0.798034994719959,-0.709694279517003
286,"Estudo_C","Campo Rico","Crescimento","Novilho",352,9.5,0.02698863636,"Modelo_5",0.397103829787234,-0.923557496501526,-0.806654931815766
287,"Estudo_C","Campo Rico","Crescimento","Novilho",352,9.54,0.02710227273,"Modelo_1",0.374779116465863,-0.98141844931148,-0.850135273889483
287,"Estudo_C","Campo Rico","Crescimento","Novilho",352,9.54,0.02710227273,"Modelo_2",0.44734297188755,-0.804429703657266,-0.714722677135666
287,"Estudo_C","Campo Rico","Crescimento","Novilho",352,9.54,0.02710227273,"Modelo_3",0.376898795180723,-0.975778575369177,-0.84593024030503
287,"Estudo_C","Campo Rico","Crescimento","Novilho",352,9.54,0.02710227273,"Modelo_4",0.478939759036145,-0.736180453496578,-0.660554565393399
287,"Estudo_C","Campo Rico","Crescimento","Novilho",352,9.54,0.02710227273,"Modelo_5",0.429186345381526,-0.84586408284741,-0.747071360535135
288,"Estudo_CI","Campo Rico","Terminação","Novilho",443,7.98,0.01801354402,"Modelo_1",0.247885777045579,-1.39478721534417,-1.13974954420388
288,"Estudo_CI","Campo Rico","Terminação","Novilho",443,7.98,0.01801354402,"Modelo_2",0.326034047226798,-1.12075346372283,-0.951794695682247
288,"Estudo_CI","Campo Rico","Terminação","Novilho",443,7.98,0.01801354402,"Modelo_3",0.146926963207029,-1.91781966460551,-1.45829912266766
288,"Estudo_CI","Campo Rico","Terminação","Novilho",443,7.98,0.01801354402,"Modelo_4",0.0797364085667215,-2.52902897733691,-1.77243094024916
288,"Estudo_CI","Campo Rico","Terminação","Novilho",443,7.98,0.01801354402,"Modelo_5",0.155172981878089,-1.86321477222477,-1.42733034581609
289,"Estudo_CI","Campo Rico","Terminação","Novilho",440,9.73,0.02211363636,"Modelo_1",0.0438256658595641,-3.12753565468925,-2.02897384347316
289,"Estudo_CI","Campo Rico","Terminação","Novilho",440,9.73,0.02211363636,"Modelo_2",0.156027845036319,-1.85772079383817,-1.42418629375927
289,"Estudo_CI","Campo Rico","Terminação","Novilho",440,9.73,0.02211363636,"Modelo_3",0.0227966101694916,-3.78114343085191,-2.26122214785166
289,"Estudo_CI","Campo Rico","Terminação","Novilho",440,9.73,0.02211363636,"Modelo_4",0.236864406779661,-1.44026742486456,-1.16947568548166
289,"Estudo_CI","Campo Rico","Terminação","Novilho",440,9.73,0.02211363636,"Modelo_5",0.00682203389830497,-4.98759762602926,-2.58679363451256
290,"Estudo_BX","Campo Rico","Crescimento e Terminação","Novilho",451,10.25,0.02272727273,"Modelo_1",0.0775280898876405,-2.55711495812893,-1.78552753056912
290,"Estudo_BX","Campo Rico","Crescimento e Terminação","Novilho",451,10.25,0.02272727273,"Modelo_2",0.188848314606742,-1.66681115437108,-1.31165210194791
290,"Estudo_BX","Campo Rico","Crescimento e Terminação","Novilho",451,10.25,0.02272727273,"Modelo_3",0.0125095505617977,-4.38126288146381,-2.43786288670247
290,"Estudo_BX","Campo Rico","Crescimento e Terminação","Novilho",451,10.25,0.02272727273,"Modelo_4",0.209269662921348,-1.56413160546652,-1.2484074174147
290,"Estudo_BX","Campo Rico","Crescimento e Terminação","Novilho",451,10.25,0.02272727273,"Modelo_5",0.0149803370786518,-4.20101679923356,-2.38810828687898
291,"Estudo_BX","Campo Rico","Crescimento e Terminação","Novilho",423,9.11,0.02153664303,"Modelo_1",0.0351282051282051,-3.34875090628961,-2.11272724092417
291,"Estudo_BX","Campo Rico","Crescimento e Terminação","Novilho",423,9.11,0.02153664303,"Modelo_2",0.144170512820513,-1.93675856311039,-1.46892224035083
291,"Estudo_BX","Campo Rico","Crescimento e Terminação","Novilho",423,9.11,0.02153664303,"Modelo_3",0.0588378205128205,-2.83297042484553,-1.90846177255357
291,"Estudo_BX","Campo Rico","Crescimento e Terminação","Novilho",423,9.11,0.02153664303,"Modelo_4",0.226346153846154,-1.48568979730924,-1.19876195890559
291,"Estudo_BX","Campo Rico","Crescimento e Terminação","Novilho",423,9.11,0.02153664303,"Modelo_5",0.0234788461538462,-3.75165542688875,-2.25169574713138
