mae,rmse,r2,mape,modelo,protocolo,fold,n,top1,top1_sempre_campeao
0.16524162578617002,0.24741171708953283,-0.19246018984833002,3.348539079718858,baseline_mediana_modelo,GroupKFold,gkf1,225,0.15555555555555556,0.15555555555555556
0.1725281792080852,0.2555606815438383,-0.272305596827372,2.994697342987446,ols_2s_(sexo_modelo),GroupKFold,gkf1,225,0.4222222222222222,0.15555555555555556
0.1717941974393948,0.25468651635991163,-0.2636164427910639,2.9759598722973877,ols_(sexo_modelo),GroupKFold,gkf1,225,0.4222222222222222,0.15555555555555556
0.17002305962802142,0.25290359465336476,-0.24598658589032185,2.978183926262135,ols_2s_(status_sexo_modelo),GroupKFold,gkf1,225,0.4222222222222222,0.15555555555555556
0.17222068576814276,0.25465511964380405,-0.2633049150203586,2.9112561950539666,ols_2s_(peso)_(sexo_modelo),GroupKFold,gkf1,225,0.4222222222222222,0.15555555555555556
0.17222068576814276,0.25465511964380405,-0.2633049150203586,2.9112561950539666,spl_2s_(peso)_(sexo_modelo),GroupKFold,gkf1,225,0.4222222222222222,0.15555555555555556
0.17004536070027698,0.2529371727127971,-0.24631746761699236,2.9808815781335487,ols_2s_(peso)_(status_sexo_modelo),GroupKFold,gkf1,225,0.4222222222222222,0.15555555555555556
0.17004536070027698,0.2529371727127971,-0.24631746761699236,2.9808815781335487,spl_2s_(peso)_(status_sexo_modelo),GroupKFold,gkf1,225,0.4222222222222222,0.15555555555555556
0.16729595721799714,0.2486989742035299,-0.2049009595077571,3.766022635584183,ols_2s_(consumo)_(pais_status_sexo_modelo),GroupKFold,gkf1,225,0.4222222222222222,0.15555555555555556
0.16447739282845794,0.24744496288570386,-0.19278068357812161,3.448056792202214,ols_(consumo)_(pais_status_sexo_modelo),GroupKFold,gkf1,225,0.4222222222222222,0.15555555555555556
0.17012958980504364,0.2511315529753856,-0.22858703188276652,2.982750063918399,ols_2s_(fracao)_(sexo_modelo),GroupKFold,gkf1,225,0.4222222222222222,0.15555555555555556
0.16938336021921757,0.2502255702910007,-0.2197385157027023,2.9602366994964067,ols_(fracao)_(sexo_modelo),GroupKFold,gkf1,225,0.4222222222222222,0.15555555555555556
0.16836534424884564,0.24963390798135948,-0.21397715324434974,2.9622763238386414,ols_2s_(fracao)_(status_sexo_modelo),GroupKFold,gkf1,225,0.4222222222222222,0.15555555555555556
0.16708181343450554,0.2508047976632829,-0.22539200388811165,3.5940356065318984,ols_(consumo_fracao)_(pais_status_sexo_modelo),GroupKFold,gkf1,225,0.4222222222222222,0.15555555555555556
0.11692903677202171,0.16117561661303223,-0.021735454232914675,3.8250048655105284,baseline_mediana_modelo,GroupKFold,gkf2,225,0.2222222222222222,0.2222222222222222
0.1142692386253251,0.1601815941174453,-0.009171566555676192,3.331420057760222,ols_2s_(sexo_modelo),GroupKFold,gkf2,225,0.2222222222222222,0.2222222222222222
0.11522552978473781,0.16075183945473992,-0.016369643559071,3.4052443806035773,ols_(sexo_modelo),GroupKFold,gkf2,225,0.2222222222222222,0.2222222222222222
0.1259308306767532,0.1682058816244827,-0.11281286592106388,3.7992787721090022,ols_2s_(status_sexo_modelo),GroupKFold,gkf2,225,0.2222222222222222,0.2222222222222222
0.11595744601481209,0.16255093339677115,-0.039246853281914795,3.5498428845759062,ols_2s_(peso)_(sexo_modelo),GroupKFold,gkf2,225,0.2222222222222222,0.2222222222222222
0.11595744601481209,0.16255093339677115,-0.039246853281914795,3.5498428845759062,spl_2s_(peso)_(sexo_modelo),GroupKFold,gkf2,225,0.2222222222222222,0.2222222222222222
0.12451781179159505,0.16721095942845873,-0.09968742906096306,3.798805575923416,ols_2s_(peso)_(status_sexo_modelo),GroupKFold,gkf2,225,0.2222222222222222,0.2222222222222222
0.12451781179159505,0.16721095942845873,-0.09968742906096306,3.798805575923416,spl_2s_(peso)_(status_sexo_modelo),GroupKFold,gkf2,225,0.2222222222222222,0.2222222222222222
0.1319894803882131,0.17447304935040533,-0.19728208984351792,3.520502649817557,ols_2s_(consumo)_(pais_status_sexo_modelo),GroupKFold,gkf2,225,0.2222222222222222,0.2222222222222222
0.13585681846211164,0.17711263934038787,-0.23378331522911733,3.6985848817129843,ols_(consumo)_(pais_status_sexo_modelo),GroupKFold,gkf2,225,0.2222222222222222,0.2222222222222222
0.11137299046086352,0.15712103639084374,0.029024094497075215,3.2091825083978547,ols_2s_(fracao)_(sexo_modelo),GroupKFold,gkf2,225,0.2222222222222222,0.2222222222222222
0.1124353926392861,0.15751735490103824,0.024119581920693856,3.26950136268711,ols_(fracao)_(sexo_modelo),GroupKFold,gkf2,225,0.2222222222222222,0.2222222222222222
0.12380710216059577,0.16586171957912127,-0.082012081897191,3.7021787163761903,ols_2s_(fracao)_(status_sexo_modelo),GroupKFold,gkf2,225,0.2222222222222222,0.2222222222222222
0.13639618893352806,0.17793559331470052,-0.2452755022510933,3.711824532700534,ols_(consumo_fracao)_(pais_status_sexo_modelo),GroupKFold,gkf2,225,0.2222222222222222,0.2222222222222222
0.11447084568527763,0.14740811924466066,-0.027544538473100788,2.233746673508761,baseline_mediana_modelo,GroupKFold,gkf3,225,0.13333333333333333,0.13333333333333333
0.11763416233696161,0.15477700206148978,-0.13284555711128054,1.8741797136185379,ols_2s_(sexo_modelo),GroupKFold,gkf3,225,0.13333333333333333,0.13333333333333333
0.1179856360431516,0.15518601793480166,-0.1388408153045182,1.8693603550789528,ols_(sexo_modelo),GroupKFold,gkf3,225,0.13333333333333333,0.13333333333333333
0.11796718288056639,0.15469279272130415,-0.13161320056497394,1.5858012412460973,ols_2s_(status_sexo_modelo),GroupKFold,gkf3,225,0.13333333333333333,0.13333333333333333
0.11676120164618119,0.15405173550456683,-0.12225367342168636,1.813050214272458,ols_2s_(peso)_(sexo_modelo),GroupKFold,gkf3,225,0.13333333333333333,0.13333333333333333
0.11676120164618119,0.15405173550456683,-0.12225367342168636,1.813050214272458,spl_2s_(peso)_(sexo_modelo),GroupKFold,gkf3,225,0.13333333333333333,0.13333333333333333
0.11868349928919425,0.15566934486465814,-0.14594570275815144,1.590511026089493,ols_2s_(peso)_(status_sexo_modelo),GroupKFold,gkf3,225,0.13333333333333333,0.13333333333333333
0.11868349928919425,0.15566934486465814,-0.14594570275815144,1.590511026089493,spl_2s_(peso)_(status_sexo_modelo),GroupKFold,gkf3,225,0.13333333333333333,0.13333333333333333
0.14602002020641017,0.19009330173787226,-0.7088009352389975,1.8755526625610557,ols_2s_(consumo)_(pais_status_sexo_modelo),GroupKFold,gkf3,225,0.13333333333333333,0.13333333333333333
0.14741878880882783,0.19502094660070882,-0.7985410937533375,1.9435389470680786,ols_(consumo)_(pais_status_sexo_modelo),GroupKFold,gkf3,225,0.13333333333333333,0.13333333333333333
0.11760358609661772,0.15663902951200334,-0.16026665822972963,1.8000424236951733,ols_2s_(fracao)_(sexo_modelo),GroupKFold,gkf3,225,0.13333333333333333,0.13333333333333333
0.1165746331427529,0.15572323502035157,-0.14673925503660779,1.78117281521775,ols_(fracao)_(sexo_modelo),GroupKFold,gkf3,225,0.13333333333333333,0.13333333333333333
0.12103361811971275,0.16038197233148652,-0.2163790875760938,1.62972740151379,ols_2s_(fracao)_(status_sexo_modelo),GroupKFold,gkf3,225,0.13333333333333333,0.13333333333333333
0.14654785825094208,0.19500927814052296,-0.7983258801807518,1.9643210204503885,ols_(consumo_fracao)_(pais_status_sexo_modelo),GroupKFold,gkf3,225,0.13333333333333333,0.13333333333333333
0.1349640942720901,0.1737010192719827,-0.022277366361260542,3.7930770508936753,baseline_mediana_modelo,GroupKFold,gkf4,220,0.4090909090909091,0.4090909090909091
0.13101629556755742,0.17874418699519853,-0.08249990120679196,3.285703492475847,ols_2s_(sexo_modelo),GroupKFold,gkf4,220,0.4090909090909091,0.4090909090909091
0.1311546881650494,0.17834314572159193,-0.07764782596574693,3.289029726916167,ols_(sexo_modelo),GroupKFold,gkf4,220,0.4090909090909091,0.4090909090909091
0.1333804808074425,0.18075760230339927,-0.10702430364926796,3.14650253103202,ols_2s_(status_sexo_modelo),GroupKFold,gkf4,220,0.4090909090909091,0.4090909090909091
0.13142465244928023,0.17764974193381072,-0.06928425892034773,3.4266533683256304,ols_2s_(peso)_(sexo_modelo),GroupKFold,gkf4,220,0.4090909090909091,0.4090909090909091
0.13142465244928023,0.17764974193381072,-0.06928425892034773,3.4266533683256304,spl_2s_(peso)_(sexo_modelo),GroupKFold,gkf4,220,0.4090909090909091,0.4090909090909091
0.13396237454868104,0.18016398918594953,-0.09976524400733311,3.236330216033918,ols_2s_(peso)_(status_sexo_modelo),GroupKFold,gkf4,220,0.4090909090909091,0.4090909090909091
0.13396237454868104,0.18016398918594953,-0.09976524400733311,3.236330216033918,spl_2s_(peso)_(status_sexo_modelo),GroupKFold,gkf4,220,0.4090909090909091,0.4090909090909091
0.14512456147923464,0.20123008304597642,-0.3719864573147469,3.726939988813097,ols_2s_(consumo)_(pais_status_sexo_modelo),GroupKFold,gkf4,220,0.4090909090909091,0.4090909090909091
0.14541227480717187,0.20117334367606898,-0.3712128684840066,3.7851742741515584,ols_(consumo)_(pais_status_sexo_modelo),GroupKFold,gkf4,220,0.4090909090909091,0.4090909090909091
0.13247643056954006,0.18058554146381933,-0.10491778228485948,3.452618702847204,ols_2s_(fracao)_(sexo_modelo),GroupKFold,gkf4,220,0.4090909090909091,0.4090909090909091
0.13278346453530873,0.18056580679076806,-0.10467630116126192,3.479955553361744,ols_(fracao)_(sexo_modelo),GroupKFold,gkf4,220,0.4090909090909091,0.4090909090909091
0.13522258665768822,0.18282456996301177,-0.1324867585816829,3.299624733276934,ols_2s_(fracao)_(status_sexo_modelo),GroupKFold,gkf4,220,0.4090909090909091,0.4090909090909091
0.1466176806892899,0.20179220857058017,-0.379662305661137,3.8185477516013777,ols_(consumo_fracao)_(pais_status_sexo_modelo),GroupKFold,gkf4,220,0.4090909090909091,0.4090909090909091
0.16827925303990499,0.24046964317698716,-0.12950739808400402,1.589905254222067,baseline_mediana_modelo,GroupKFold,gkf5,220,0.4090909090909091,0.4090909090909091
0.16746360322309506,0.24845870001334025,-0.2058047187040415,1.3459831904510084,ols_2s_(sexo_modelo),GroupKFold,gkf5,220,0.4090909090909091,0.4090909090909091
0.16749634390158522,0.24822529059097526,-0.20354024590880604,1.3493395682053702,ols_(sexo_modelo),GroupKFold,gkf5,220,0.4090909090909091,0.4090909090909091
0.16591775132019612,0.24569648257122673,-0.1791428994620754,1.3672929283166386,ols_2s_(status_sexo_modelo),GroupKFold,gkf5,220,0.4090909090909091,0.4090909090909091
0.1707590975974486,0.24840663316832642,-0.20529939633796834,1.3490757283880919,ols_2s_(peso)_(sexo_modelo),GroupKFold,gkf5,220,0.4090909090909091,0.4090909090909091
0.1707590975974486,0.24840663316832642,-0.20529939633796834,1.3490757283880919,spl_2s_(peso)_(sexo_modelo),GroupKFold,gkf5,220,0.4090909090909091,0.4090909090909091
0.1669150754310221,0.2456906752187796,-0.1790871590021068,1.3532699879871508,ols_2s_(peso)_(status_sexo_modelo),GroupKFold,gkf5,220,0.4090909090909091,0.4090909090909091
0.1669150754310221,0.2456906752187796,-0.1790871590021068,1.3532699879871508,spl_2s_(peso)_(status_sexo_modelo),GroupKFold,gkf5,220,0.4090909090909091,0.4090909090909091
0.18347315070856116,0.25230554196999494,-0.2434322924650365,1.7208343314588985,ols_2s_(consumo)_(pais_status_sexo_modelo),GroupKFold,gkf5,220,0.4090909090909091,0.4090909090909091
0.18278178127373051,0.25039440097002247,-0.22466636093450987,1.7351379289206783,ols_(consumo)_(pais_status_sexo_modelo),GroupKFold,gkf5,220,0.4090909090909091,0.4090909090909091
0.17242691009364708,0.24871020693882018,-0.20824715064111698,1.4108875474852483,ols_2s_(fracao)_(sexo_modelo),GroupKFold,gkf5,220,0.4090909090909091,0.4090909090909091
0.17207652226361417,0.2484857050207428,-0.20606685108240796,1.4095196211887255,ols_(fracao)_(sexo_modelo),GroupKFold,gkf5,220,0.4090909090909091,0.4090909090909091
0.16992086021410763,0.2462757832135739,-0.1847097965486575,1.4039749123299525,ols_2s_(fracao)_(status_sexo_modelo),GroupKFold,gkf5,220,0.4090909090909091,0.4090909090909091
0.18208553460534477,0.24884161994767798,-0.20952431045884934,1.6823811731696607,ols_(consumo_fracao)_(pais_status_sexo_modelo),GroupKFold,gkf5,220,0.4090909090909091,0.4090909090909091
0.11597678388278398,0.1331402094534888,0.08176846339459087,1.809242141056259,baseline_mediana_modelo,LOSO_paises_case,Estudo_CB,10,0.5,0.5
0.11682643695906707,0.13779373140723414,0.016458579153707187,1.6238382924775372,ols_2s_(sexo_modelo),LOSO_paises_case,Estudo_CB,10,0.5,0.5
0.11668007531992808,0.13761178343998035,0.019054273632247987,1.6304698190661076,ols_(sexo_modelo),LOSO_paises_case,Estudo_CB,10,0.5,0.5
0.11597678388278396,0.1362929457854589,0.03776646291704955,1.6876351584640357,ols_2s_(status_sexo_modelo),LOSO_paises_case,Estudo_CB,10,0.5,0.5
0.11850295128450994,0.1401840262046892,-0.01796018292931656,1.5478188130444726,ols_2s_(peso)_(sexo_modelo),LOSO_paises_case,Estudo_CB,10,0.5,0.5
0.11850295128450994,0.1401840262046892,-0.01796018292931656,1.5478188130444726,spl_2s_(peso)_(sexo_modelo),LOSO_paises_case,Estudo_CB,10,0.5,0.5
0.11597678388278398,0.13672311178119326,0.03168290004633578,1.6659512774522547,ols_2s_(peso)_(status_sexo_modelo),LOSO_paises_case,Estudo_CB,10,0.5,0.5
0.11597678388278398,0.13672311178119326,0.03168290004633578,1.6659512774522547,spl_2s_(peso)_(status_sexo_modelo),LOSO_paises_case,Estudo_CB,10,0.5,0.5
0.1330392988565739,0.15418588030114422,-0.23146746429068332,2.700357025635035,ols_(consumo)_(pais_status_sexo),LOSO_paises_case,Estudo_CB,10,0.0,0.5
0.1266709839830244,0.1463472547381747,-0.10943763209521196,2.5569386002187784,ols_2s_(consumo)_(pais_status_sexo_modelo),LOSO_paises_case,Estudo_CB,10,0.5,0.5
0.1279417708849285,0.14932999398923513,-0.15512192744434983,2.629995091685261,ols_(consumo)_(pais_status_sexo_modelo),LOSO_paises_case,Estudo_CB,10,0.5,0.5
0.11608289916514467,0.13695609276087659,0.028379995682134118,1.6375623524606708,ols_2s_(fracao)_(sexo_modelo),LOSO_paises_case,Estudo_CB,10,0.5,0.5
0.11591138145140172,0.1367586411430585,0.03117957389569881,1.644656097952253,ols_(fracao)_(sexo_modelo),LOSO_paises_case,Estudo_CB,10,0.5,0.5
0.1157411518733285,0.13527376961783338,0.05210350407339359,1.7241184802227305,ols_2s_(fracao)_(status_sexo_modelo),LOSO_paises_case,Estudo_CB,10,0.5,0.5
0.13342148375170104,0.15503700712878504,-0.2451007219839525,2.7207980121676067,ols_(peso_consumo)_(pais_status_sexo),LOSO_paises_case,Estudo_CB,10,0.0,0.5
0.12698653604000687,0.14704947128497925,-0.12010998198319811,2.5746395440560903,ols_2s_(peso_consumo)_(pais_status_sexo_modelo),LOSO_paises_case,Estudo_CB,10,0.5,0.5
0.12698653604000687,0.14704947128497925,-0.12010998198319811,2.5746395440560903,spl_2s_(peso_consumo)_(pais_status_sexo_modelo),LOSO_paises_case,Estudo_CB,10,0.5,0.5
0.12829992207960683,0.1501984165238635,-0.16859612278163816,2.6500759456223655,ols_(peso_consumo)_(pais_status_sexo_modelo),LOSO_paises_case,Estudo_CB,10,0.5,0.5
0.12682256097270042,0.1465403677190808,-0.11236748771392047,2.5607909295286406,ols_2s_(peso_fracao)_(pais_status_sexo_modelo),LOSO_paises_case,Estudo_CB,10,0.5,0.5
0.12782115426375326,0.14880139058171366,-0.14695852159591882,2.6162944803320736,ols_(peso_fracao)_(pais_status_sexo_modelo),LOSO_paises_case,Estudo_CB,10,0.5,0.5
0.1268701074721544,0.1468043081441325,-0.1163781662597354,2.5686144734069463,ols_(consumo_fracao)_(pais_status_sexo_modelo),LOSO_paises_case,Estudo_CB,10,0.5,0.5
0.4968415750676824,0.5210655771040741,-13.881410599821017,0.708013318828845,baseline_mediana_modelo,LOSO_paises_case,Estudo_Z,5,0.0,0.0
0.5179133389549431,0.5377751928912856,-14.851153149822526,0.7432832492727672,ols_2s_(sexo_modelo),LOSO_paises_case,Estudo_Z,5,0.0,0.0
0.5169635337585865,0.5368708103187518,-14.797883855286655,0.7418326268080576,ols_(sexo_modelo),LOSO_paises_case,Estudo_Z,5,0.0,0.0
0.5182653252612754,0.5381103824357701,-14.870919017367582,0.7438208371193052,ols_2s_(status_sexo_modelo),LOSO_paises_case,Estudo_Z,5,0.0,0.0
0.49858615701085807,0.5194016102337021,-13.786517988837085,0.7137686306232288,ols_2s_(peso)_(sexo_modelo),LOSO_paises_case,Estudo_Z,5,0.0,0.0
0.49858615701085807,0.5194016102337021,-13.786517988837085,0.7137686306232288,spl_2s_(peso)_(sexo_modelo),LOSO_paises_case,Estudo_Z,5,0.0,0.0
0.507077160152826,0.5274659212980415,-14.249238056167348,0.7267343972281093,ols_2s_(peso)_(status_sexo_modelo),LOSO_paises_case,Estudo_Z,5,0.0,0.0
0.507077160152826,0.5274659212980415,-14.249238056167348,0.7267343972281093,spl_2s_(peso)_(status_sexo_modelo),LOSO_paises_case,Estudo_Z,5,0.0,0.0
0.5821406570925605,0.597605731393061,-18.57441720483687,0.8433007633535358,ols_(consumo)_(pais_status_sexo),LOSO_paises_case,Estudo_Z,5,0.0,0.0
0.5869381314583169,0.6038312958138541,-18.98437493175996,0.8487657788388466,ols_2s_(consumo)_(pais_status_sexo_modelo),LOSO_paises_case,Estudo_Z,5,0.0,0.0
0.581715618714328,0.5988136218183577,-18.65362543342766,0.8407794906520796,ols_(consumo)_(pais_status_sexo_modelo),LOSO_paises_case,Estudo_Z,5,0.0,0.0
0.49180143122878145,0.5129670337604548,-13.42242350050998,0.7034092785479439,ols_2s_(fracao)_(sexo_modelo),LOSO_paises_case,Estudo_Z,5,0.0,0.0
0.4899192370188123,0.5111834760722016,-13.322305935359035,0.7005355645725206,ols_(fracao)_(sexo_modelo),LOSO_paises_case,Estudo_Z,5,0.0,0.0
0.4982457837610867,0.5190786048926113,-13.768132835210382,0.7132489078113886,ols_2s_(fracao)_(status_sexo_modelo),LOSO_paises_case,Estudo_Z,5,0.0,0.0
0.5857304725018179,0.6011031957749684,-18.804204690237096,0.8487475021819921,ols_(peso_consumo)_(pais_status_sexo),LOSO_paises_case,Estudo_Z,5,0.0,0.0
0.5899110743080694,0.6066888266576278,-19.173967920362376,0.8533125251062422,ols_2s_(peso_consumo)_(pais_status_sexo_modelo),LOSO_paises_case,Estudo_Z,5,0.0,0.0
0.5899110743080694,0.6066888266576278,-19.173967920362376,0.8533125251062422,spl_2s_(peso_consumo)_(pais_status_sexo_modelo),LOSO_paises_case,Estudo_Z,5,0.0,0.0
0.58531238063555,0.6022690201818806,-18.881098690679853,0.8462795541261997,ols_(peso_consumo)_(pais_status_sexo_modelo),LOSO_paises_case,Estudo_Z,5,0.0,0.0
0.577282029595782,0.594556104728277,-18.375147524636862,0.834000474648129,ols_2s_(peso_fracao)_(pais_status_sexo_modelo),LOSO_paises_case,Estudo_Z,5,0.0,0.0
0.5718746680665896,0.5893663081867084,-18.038377904386447,0.8257335353636609,ols_(peso_fracao)_(pais_status_sexo_modelo),LOSO_paises_case,Estudo_Z,5,0.0,0.0
0.5791667938783004,0.5963657693192747,-18.49327221784262,0.836882212111967,ols_(consumo_fracao)_(pais_status_sexo_modelo),LOSO_paises_case,Estudo_Z,5,0.0,0.0
0.06578023020300057,0.07713311425478979,-0.6015909295306345,0.9438951338573102,baseline_mediana_modelo,LOSO_paises_case,Estudo_BB,5,1.0,1.0
0.04658046792218426,0.05385228612756488,0.21931082587114237,0.49758330528081834,ols_2s_(sexo_modelo),LOSO_paises_case,Estudo_BB,5,1.0,1.0
0.052578115563192876,0.06475915999367264,-0.12894369215837553,0.4264112323648089,ols_(sexo_modelo),LOSO_paises_case,Estudo_BB,5,1.0,1.0
0.0475185714039057,0.05499335498505261,0.18587648528960288,0.48629965135678227,ols_2s_(status_sexo_modelo),LOSO_paises_case,Estudo_BB,5,1.0,1.0
0.04671107452840838,0.05198247751587568,0.27258238009025204,0.5762750637626605,ols_2s_(peso)_(sexo_modelo),LOSO_paises_case,Estudo_BB,5,1.0,1.0
0.04671107452840838,0.05198247751587568,0.27258238009025204,0.5762750637626605,spl_2s_(peso)_(sexo_modelo),LOSO_paises_case,Estudo_BB,5,1.0,1.0
0.046433981728665516,0.053696657028574735,0.22381657303489721,0.4993498849851237,ols_2s_(peso)_(status_sexo_modelo),LOSO_paises_case,Estudo_BB,5,1.0,1.0
0.046433981728665516,0.053696657028574735,0.22381657303489721,0.4993498849851237,spl_2s_(peso)_(status_sexo_modelo),LOSO_paises_case,Estudo_BB,5,1.0,1.0
0.05623545901115411,0.06469680586435683,-0.12677070501703547,0.5631850164640485,ols_(consumo)_(pais_status_sexo),LOSO_paises_case,Estudo_BB,5,0.0,1.0
0.046679906230590984,0.051976227934597566,0.27275727680475126,0.5752157496565482,ols_2s_(consumo)_(pais_status_sexo_modelo),LOSO_paises_case,Estudo_BB,5,1.0,1.0
0.048882623516800894,0.057070694145903815,0.12320880970593007,0.46998724054203267,ols_(consumo)_(pais_status_sexo_modelo),LOSO_paises_case,Estudo_BB,5,1.0,1.0
0.047354597467822425,0.05223638777189193,0.2654588305075156,0.5981427483834474,ols_2s_(fracao)_(sexo_modelo),LOSO_paises_case,Estudo_BB,5,1.0,1.0
0.04830243442276681,0.05612947583043443,0.15189067002222345,0.4769115498175405,ols_(fracao)_(sexo_modelo),LOSO_paises_case,Estudo_BB,5,1.0,1.0
0.04545195781828641,0.052177895173304255,0.2671029398374217,0.5334679769306085,ols_2s_(fracao)_(status_sexo_modelo),LOSO_paises_case,Estudo_BB,5,1.0,1.0
0.05630164764262352,0.06480856142849158,-0.1306667753734687,0.5620143571440116,ols_(peso_consumo)_(pais_status_sexo),LOSO_paises_case,Estudo_BB,5,0.0,1.0
0.04668388421248737,0.05197699430446344,0.27273583080763897,0.5753509498929816,ols_2s_(peso_consumo)_(pais_status_sexo_modelo),LOSO_paises_case,Estudo_BB,5,1.0,1.0
0.04668388421248737,0.05197699430446344,0.27273583080763897,0.5753509498929816,spl_2s_(peso_consumo)_(pais_status_sexo_modelo),LOSO_paises_case,Estudo_BB,5,1.0,1.0
0.04896310164394554,0.05720769271499605,0.11899427145137487,0.4690284477243624,ols_(peso_consumo)_(pais_status_sexo_modelo),LOSO_paises_case,Estudo_BB,5,1.0,1.0
0.046085936369711714,0.05196467427765912,0.273080554557092,0.5550253272317741,ols_2s_(peso_fracao)_(pais_status_sexo_modelo),LOSO_paises_case,Estudo_BB,5,1.0,1.0
0.049823603351506776,0.05876582046759714,0.0703499954108121,0.45880282519704146,ols_(peso_fracao)_(pais_status_sexo_modelo),LOSO_paises_case,Estudo_BB,5,1.0,1.0
0.04824770299083116,0.05604499409706132,0.15444176548167154,0.47756583172027645,ols_(consumo_fracao)_(pais_status_sexo_modelo),LOSO_paises_case,Estudo_BB,5,1.0,1.0
0.09215970740794424,0.11258598847742085,-0.01862153400760791,0.43541014982049897,baseline_mediana_modelo,LOSO_paises_case,Estudo_W,15,1.0,1.0
0.09469517858183603,0.11545129707166227,-0.0711290445041497,0.46889265057677965,ols_2s_(sexo_modelo),LOSO_paises_case,Estudo_W,15,1.0,1.0
0.09534811310184606,0.11617132691913573,-0.08453123046623556,0.4687532948103239,ols_(sexo_modelo),LOSO_paises_case,Estudo_W,15,1.0,1.0
0.08991659967155637,0.10758527101253396,0.06985683485130112,0.48790510924902414,ols_2s_(status_sexo_modelo),LOSO_paises_case,Estudo_W,15,1.0,1.0
0.09463804565673946,0.1153888058296148,-0.06996980124675933,0.46890487235411327,ols_2s_(peso)_(sexo_modelo),LOSO_paises_case,Estudo_W,15,1.0,1.0
0.09463804565673946,0.1153888058296148,-0.06996980124675933,0.46890487235411327,spl_2s_(peso)_(sexo_modelo),LOSO_paises_case,Estudo_W,15,1.0,1.0
0.09111438193931415,0.10986606934609695,0.030000887298795686,0.480240141104713,ols_2s_(peso)_(status_sexo_modelo),LOSO_paises_case,Estudo_W,15,1.0,1.0
0.09111438193931415,0.10986606934609695,0.030000887298795686,0.480240141104713,spl_2s_(peso)_(status_sexo_modelo),LOSO_paises_case,Estudo_W,15,1.0,1.0
0.11252307298064751,0.1371736257027326,-0.5121170084041065,0.5188252631777216,ols_(consumo)_(pais_status_sexo),LOSO_paises_case,Estudo_W,15,0.0,1.0
0.1008978319961333,0.12255107132840394,-0.20691973031245037,0.47074677516928315,ols_2s_(consumo)_(pais_status_sexo_modelo),LOSO_paises_case,Estudo_W,15,1.0,1.0
0.10517713819548048,0.12798898115779614,-0.31640440409570725,0.46985105460969073,ols_(consumo)_(pais_status_sexo_modelo),LOSO_paises_case,Estudo_W,15,1.0,1.0
0.1004630978771665,0.12207483770849173,-0.19755777278342923,0.4696026667422609,ols_2s_(fracao)_(sexo_modelo),LOSO_paises_case,Estudo_W,15,1.0,1.0
0.10132156700627469,0.1231285098276307,-0.21832010070900276,0.4694925336724054,ols_(fracao)_(sexo_modelo),LOSO_paises_case,Estudo_W,15,1.0,1.0
0.09439067971968296,0.11508025403219782,-0.06425521392123357,0.47072028196557913,ols_2s_(fracao)_(status_sexo_modelo),LOSO_paises_case,Estudo_W,15,1.0,1.0
0.1124649586564129,0.1371020387874654,-0.5105391606813072,0.5188544527242525,ols_(peso_consumo)_(pais_status_sexo),LOSO_paises_case,Estudo_W,15,0.0,1.0
0.10088053253554581,0.12252993458785862,-0.2065034442857352,0.47074856518881364,ols_2s_(peso_consumo)_(pais_status_sexo_modelo),LOSO_paises_case,Estudo_W,15,1.0,1.0
0.10088053253554581,0.12252993458785862,-0.2065034442857352,0.47074856518881364,spl_2s_(peso_consumo)_(pais_status_sexo_modelo),LOSO_paises_case,Estudo_W,15,1.0,1.0
0.10511583918248878,0.12790893196703665,-0.31475825998430085,0.4698574622609936,ols_(peso_consumo)_(pais_status_sexo_modelo),LOSO_paises_case,Estudo_W,15,1.0,1.0
0.10079523804265618,0.12242404814741009,-0.20441910210781056,0.4707964747497118,ols_2s_(peso_fracao)_(pais_status_sexo_modelo),LOSO_paises_case,Estudo_W,15,1.0,1.0
0.10466864514914435,0.12733375477171543,-0.30296051161631943,0.4697905590222683,ols_(peso_fracao)_(pais_status_sexo_modelo),LOSO_paises_case,Estudo_W,15,1.0,1.0
0.10618389959742809,0.12931520718259606,-0.34382700001555677,0.4697166138377549,ols_(consumo_fracao)_(pais_status_sexo_modelo),LOSO_paises_case,Estudo_W,15,1.0,1.0
0.0773983244815127,0.09527897720404749,-0.09054842084364179,0.9451258139231259,baseline_mediana_modelo,LOSO_paises_case,Estudo_Q,10,0.5,0.5
0.0773983244815127,0.09529074371811902,-0.09081779287217562,0.948098822467441,ols_2s_(sexo_modelo),LOSO_paises_case,Estudo_Q,10,0.5,0.5
0.0773983244815127,0.09645962801361004,-0.11774296687427177,0.9660384656232068,ols_(sexo_modelo),LOSO_paises_case,Estudo_Q,10,0.5,0.5
0.08069072041508404,0.10109198465867036,-0.22767730042046108,1.0406756727080666,ols_2s_(status_sexo_modelo),LOSO_paises_case,Estudo_Q,10,0.5,0.5
0.07739832448151271,0.09575727329231978,-0.10152490853870311,0.9555132080364046,ols_2s_(peso)_(sexo_modelo),LOSO_paises_case,Estudo_Q,10,0.5,0.5
0.07739832448151271,0.09575727329231978,-0.10152490853870311,0.9555132080364046,spl_2s_(peso)_(sexo_modelo),LOSO_paises_case,Estudo_Q,10,0.5,0.5
0.07930112202402083,0.09959252847644348,-0.19152812305744837,1.016508837257201,ols_2s_(peso)_(status_sexo_modelo),LOSO_paises_case,Estudo_Q,10,0.5,0.5
0.07930112202402083,0.09959252847644348,-0.19152812305744837,1.016508837257201,spl_2s_(peso)_(status_sexo_modelo),LOSO_paises_case,Estudo_Q,10,0.5,0.5
0.07291908508258094,0.08829053639198783,0.06356186599271996,0.7824495136392013,ols_(consumo)_(pais_status_sexo),LOSO_paises_case,Estudo_Q,10,0.5,0.5
0.07282678028782041,0.08771814367830177,0.07566447388881703,0.8142723669665409,ols_2s_(consumo)_(pais_status_sexo_modelo),LOSO_paises_case,Estudo_Q,10,0.5,0.5
0.07269831473658334,0.08801100072921052,0.06948217127133882,0.8290198162041016,ols_(consumo)_(pais_status_sexo_modelo),LOSO_paises_case,Estudo_Q,10,0.5,0.5
0.07452146734963977,0.0893932773060297,0.04002372632411921,0.8426488242579431,ols_2s_(fracao)_(sexo_modelo),LOSO_paises_case,Estudo_Q,10,0.5,0.5
0.07440210997334527,0.0897333281099338,0.03270636194429166,0.8561595346303708,ols_(fracao)_(sexo_modelo),LOSO_paises_case,Estudo_Q,10,0.5,0.5
0.07477955445194766,0.09210950258113054,-0.01920056156210248,0.9061294462255589,ols_2s_(fracao)_(status_sexo_modelo),LOSO_paises_case,Estudo_Q,10,0.5,0.5
0.07294244404450353,0.08833694799289896,0.06257709417148494,0.7837254923850789,ols_(peso_consumo)_(pais_status_sexo),LOSO_paises_case,Estudo_Q,10,0.5,0.5
0.07283508040209682,0.08773247705882609,0.07536237138820823,0.814720211755233,ols_2s_(peso_consumo)_(pais_status_sexo_modelo),LOSO_paises_case,Estudo_Q,10,0.5,0.5
0.07283508040209682,0.08773247705882609,0.07536237138820823,0.814720211755233,spl_2s_(peso_consumo)_(pais_status_sexo_modelo),LOSO_paises_case,Estudo_Q,10,0.5,0.5
0.07272282982332864,0.08806240650647601,0.06839485351849828,0.8303522058814004,ols_(peso_consumo)_(pais_status_sexo_modelo),LOSO_paises_case,Estudo_Q,10,0.5,0.5
0.07267484201757964,0.08749152928657007,0.08043423190638388,0.8074092723423038,ols_2s_(peso_fracao)_(pais_status_sexo_modelo),LOSO_paises_case,Estudo_Q,10,0.5,0.5
0.07282752639866819,0.08817263878874151,0.06606111682887439,0.8322606215137507,ols_(peso_fracao)_(pais_status_sexo_modelo),LOSO_paises_case,Estudo_Q,10,0.5,0.5
0.07256683561275168,0.0877167327434135,0.07569420928217585,0.8207479606564279,ols_(consumo_fracao)_(pais_status_sexo_modelo),LOSO_paises_case,Estudo_Q,10,0.5,0.5
0.0573856749118757,0.06853183140735941,-0.25836932404701174,0.5854666254233387,baseline_mediana_modelo,LOSO_paises_case,Estudo_CU,20,0.5,0.5
0.048450414038883415,0.059417638594409794,0.05408040348935861,0.48606274565271834,ols_2s_(sexo_modelo),LOSO_paises_case,Estudo_CU,20,0.5,0.5
0.04877782999170248,0.059672213138932485,0.045957464766628764,0.48996773712739633,ols_(sexo_modelo),LOSO_paises_case,Estudo_CU,20,0.5,0.5
0.04970187309450837,0.06042527916184528,0.021725398963782006,0.5009884300732135,ols_2s_(status_sexo_modelo),LOSO_paises_case,Estudo_CU,20,0.5,0.5
0.04646369682572736,0.05803359414846915,0.09763470601168667,0.46191754344530433,ols_2s_(peso)_(sexo_modelo),LOSO_paises_case,Estudo_CU,20,0.5,0.5
0.04646369682572736,0.05803359414846915,0.09763470601168667,0.46191754344530433,spl_2s_(peso)_(sexo_modelo),LOSO_paises_case,Estudo_CU,20,0.5,0.5
0.045999229710723115,0.057612564874577325,0.11068039297428811,0.455181042607866,ols_2s_(peso)_(status_sexo_modelo),LOSO_paises_case,Estudo_CU,20,0.5,0.5
0.045999229710723115,0.057612564874577325,0.11068039297428811,0.455181042607866,spl_2s_(peso)_(status_sexo_modelo),LOSO_paises_case,Estudo_CU,20,0.5,0.5
0.15932902742412197,0.1712406311443307,-6.856644215595234,1.526075807202229,ols_(consumo)_(pais_status_sexo),LOSO_paises_case,Estudo_CU,20,0.0,0.5
0.17310219607583352,0.18167245915708882,-7.843040966276728,1.6027028173106423,ols_2s_(consumo)_(pais_status_sexo_modelo),LOSO_paises_case,Estudo_CU,20,0.5,0.5
0.15988387916346047,0.16910404697667483,-6.661811260792887,1.4951552968973036,ols_(consumo)_(pais_status_sexo_modelo),LOSO_paises_case,Estudo_CU,20,0.5,0.5
0.05039085917253987,0.06124926366157569,-0.005136840251115826,0.5101060456147212,ols_2s_(fracao)_(sexo_modelo),LOSO_paises_case,Estudo_CU,20,0.5,0.5
0.05084639193772378,0.06159723295960997,-0.016590048298474436,0.5151484578346806,ols_(fracao)_(sexo_modelo),LOSO_paises_case,Estudo_CU,20,0.5,0.5
0.049886486838200475,0.06083181687433754,0.00851756960297445,0.504381720027806,ols_2s_(fracao)_(status_sexo_modelo),LOSO_paises_case,Estudo_CU,20,0.5,0.5
0.1596197530520289,0.17150911104268032,-6.881299632957014,1.5283525686325965,ols_(peso_consumo)_(pais_status_sexo),LOSO_paises_case,Estudo_CU,20,0.0,0.5
0.17328485769009017,0.1818449030967493,-7.859836605670331,1.6041199505924961,ols_2s_(peso_consumo)_(pais_status_sexo_modelo),LOSO_paises_case,Estudo_CU,20,0.5,0.5
0.17328485769009017,0.1818449030967493,-7.859836605670331,1.6041199505924961,spl_2s_(peso_consumo)_(pais_status_sexo_modelo),LOSO_paises_case,Estudo_CU,20,0.5,0.5
0.16017327163987877,0.16937466750931207,-6.686353577403585,1.4973989699097585,ols_(peso_consumo)_(pais_status_sexo_modelo),LOSO_paises_case,Estudo_CU,20,0.5,0.5
0.12908140045830996,0.14025370589839187,-4.270503885017366,1.2441644113147852,ols_2s_(peso_fracao)_(pais_status_sexo_modelo),LOSO_paises_case,Estudo_CU,20,0.5,0.5
0.11656126401090343,0.128775566907055,-3.443143992135708,1.1422382618667437,ols_(peso_fracao)_(pais_status_sexo_modelo),LOSO_paises_case,Estudo_CU,20,0.5,0.5
0.15376826743655855,0.1633324040021321,-6.147730272967275,1.4457111688297566,ols_(consumo_fracao)_(pais_status_sexo_modelo),LOSO_paises_case,Estudo_CU,20,0.5,0.5
0.070619058697169,0.08464711258930373,0.33288721132912535,1.9294285264355726,baseline_mediana_modelo,LOSO_paises_case,Estudo_CA,5,1.0,1.0
0.08778609376670421,0.09743496944491879,0.11609686140731712,1.9397810344383022,ols_2s_(sexo_modelo),LOSO_paises_case,Estudo_CA,5,1.0,1.0
0.08708453083629666,0.09701072138391406,0.12377742622416343,1.9491246572475613,ols_(sexo_modelo),LOSO_paises_case,Estudo_CA,5,1.0,1.0
0.08400435148704152,0.0952824817646743,0.1547190328302398,1.990184244045348,ols_2s_(status_sexo_modelo),LOSO_paises_case,Estudo_CA,5,1.0,1.0
0.09321764178560499,0.10108180873897625,0.048692373552350676,1.8675514761828313,ols_2s_(peso)_(sexo_modelo),LOSO_paises_case,Estudo_CA,5,1.0,1.0
0.09321764178560499,0.10108180873897625,0.048692373552350676,1.8675514761828313,spl_2s_(peso)_(sexo_modelo),LOSO_paises_case,Estudo_CA,5,1.0,1.0
0.08503503784529523,0.09583600268758694,0.14486958908735592,1.9764383197076874,ols_2s_(peso)_(status_sexo_modelo),LOSO_paises_case,Estudo_CA,5,1.0,1.0
0.08503503784529523,0.09583600268758694,0.14486958908735592,1.9764383197076874,spl_2s_(peso)_(status_sexo_modelo),LOSO_paises_case,Estudo_CA,5,1.0,1.0
0.0816135246580574,0.11447627286188944,-0.22012951176452078,3.0934921106160855,ols_(consumo)_(pais_status_sexo),LOSO_paises_case,Estudo_CA,5,0.0,1.0
0.057918649034809144,0.0929374487019805,0.1958140861508818,2.4784614080581626,ols_2s_(consumo)_(pais_status_sexo_modelo),LOSO_paises_case,Estudo_CA,5,1.0,1.0
0.07074148940430512,0.10092930336532405,0.05156074489961826,2.789734980705397,ols_(consumo)_(pais_status_sexo_modelo),LOSO_paises_case,Estudo_CA,5,1.0,1.0
0.08531425206657602,0.0959902877545035,0.14211404736571642,1.9727156678671087,ols_2s_(fracao)_(sexo_modelo),LOSO_paises_case,Estudo_CA,5,1.0,1.0
0.08451887093034327,0.09555563716570048,0.1498655903318279,1.9833214453072707,ols_(fracao)_(sexo_modelo),LOSO_paises_case,Estudo_CA,5,1.0,1.0
0.08042514542357418,0.09356129290894764,0.18498162795351403,2.037969226735801,ols_2s_(fracao)_(status_sexo_modelo),LOSO_paises_case,Estudo_CA,5,1.0,1.0
0.08207367707400846,0.11480412399154415,-0.22712823111493008,3.104749531291819,ols_(peso_consumo)_(pais_status_sexo),LOSO_paises_case,Estudo_CA,5,0.0,1.0
0.058012838800212685,0.09297873954633885,0.19509934968571685,2.480747573554839,ols_2s_(peso_consumo)_(pais_status_sexo_modelo),LOSO_paises_case,Estudo_CA,5,1.0,1.0
0.058012838800212685,0.09297873954633885,0.19509934968571685,2.480747573554839,spl_2s_(peso_consumo)_(pais_status_sexo_modelo),LOSO_paises_case,Estudo_CA,5,1.0,1.0
0.07118045782671631,0.10128038159592843,0.04495105898327534,2.8003922323893247,ols_(peso_consumo)_(pais_status_sexo_modelo),LOSO_paises_case,Estudo_CA,5,1.0,1.0
0.05708102727982587,0.09258249339468114,0.2019451980656618,2.4581309222006515,ols_2s_(peso_fracao)_(pais_status_sexo_modelo),LOSO_paises_case,Estudo_CA,5,1.0,1.0
0.06908527595861061,0.09964717807711872,0.07550412412440277,2.7495262785356145,ols_(peso_fracao)_(pais_status_sexo_modelo),LOSO_paises_case,Estudo_CA,5,1.0,1.0
0.0678701211002539,0.09875033039781696,0.09207059006574991,2.7200261444038802,ols_(consumo_fracao)_(pais_status_sexo_modelo),LOSO_paises_case,Estudo_CA,5,1.0,1.0
0.0933832112254907,0.10916203098400609,-0.5755494362809275,3.075129177716754,baseline_mediana_modelo,LOSO_paises_case,Estudo_O,15,0.6666666666666666,0.6666666666666666
0.08160730898725418,0.0909444295432646,-0.09355599685611415,1.751316511880531,ols_2s_(sexo_modelo),LOSO_paises_case,Estudo_O,15,0.6666666666666666,0.6666666666666666
0.082274359826044,0.09389325489677075,-0.165621660664389,1.5852771212675885,ols_(sexo_modelo),LOSO_paises_case,Estudo_O,15,0.6666666666666666,0.6666666666666666
0.0813623875256213,0.09014235676154715,-0.07435210018388116,1.8122889749493123,ols_2s_(status_sexo_modelo),LOSO_paises_case,Estudo_O,15,0.6666666666666666,0.6666666666666666
0.08252617380374289,0.09528240959390812,-0.20036765144483581,1.522605083866428,ols_2s_(peso)_(sexo_modelo),LOSO_paises_case,Estudo_O,15,0.6666666666666666,0.6666666666666666
0.08252617380374289,0.09528240959390812,-0.20036765144483581,1.522605083866428,spl_2s_(peso)_(sexo_modelo),LOSO_paises_case,Estudo_O,15,0.6666666666666666,0.6666666666666666
0.08164459700457875,0.09108009401692697,-0.0968210094247659,1.7420341231940328,ols_2s_(peso)_(status_sexo_modelo),LOSO_paises_case,Estudo_O,15,0.6666666666666666,0.6666666666666666
0.08164459700457875,0.09108009401692697,-0.0968210094247659,1.7420341231940328,spl_2s_(peso)_(status_sexo_modelo),LOSO_paises_case,Estudo_O,15,0.6666666666666666,0.6666666666666666
0.08407923031209776,0.09837883364223785,-0.2796528224987562,1.4767752783068542,ols_(consumo)_(pais_status_sexo),LOSO_paises_case,Estudo_O,15,0.0,0.6666666666666666
0.08202304096374131,0.09455045925917809,-0.18199626870967145,1.5216918310387844,ols_2s_(consumo)_(pais_status_sexo_modelo),LOSO_paises_case,Estudo_O,15,0.6666666666666666,0.6666666666666666
0.08273346784779903,0.09904731889164506,-0.2971024166695406,1.3522787203678568,ols_(consumo)_(pais_status_sexo_modelo),LOSO_paises_case,Estudo_O,15,0.6666666666666666,0.6666666666666666
0.08243725030745425,0.0959711890316371,-0.2177848622942833,1.476893117193586,ols_2s_(fracao)_(sexo_modelo),LOSO_paises_case,Estudo_O,15,0.6666666666666666,0.6666666666666666
0.08327115470397513,0.10026136235677645,-0.32909499717101176,1.3239448850414526,ols_(fracao)_(sexo_modelo),LOSO_paises_case,Estudo_O,15,0.6666666666666666,0.6666666666666666
0.08190399746143955,0.092918220007169,-0.14153855307818697,1.614073121738762,ols_2s_(fracao)_(status_sexo_modelo),LOSO_paises_case,Estudo_O,15,0.6666666666666666,0.6666666666666666
0.0840242525299842,0.09824452390944752,-0.2761611667965209,1.481143808758523,ols_(peso_consumo)_(pais_status_sexo),LOSO_paises_case,Estudo_O,15,0.0,0.6666666666666666
0.08202241049441207,0.09454651775392629,-0.18189772350045552,1.521864704682961,ols_2s_(peso_consumo)_(pais_status_sexo_modelo),LOSO_paises_case,Estudo_O,15,0.6666666666666666,0.6666666666666666
0.08202241049441207,0.09454651775392629,-0.18189772350045552,1.521864704682961,spl_2s_(peso_consumo)_(pais_status_sexo_modelo),LOSO_paises_case,Estudo_O,15,0.6666666666666666,0.6666666666666666
0.08271622188145027,0.09891692703513663,-0.29368949713623405,1.3568128881635821,ols_(peso_consumo)_(pais_status_sexo_modelo),LOSO_paises_case,Estudo_O,15,0.6666666666666666,0.6666666666666666
0.0818898293234829,0.09363905037685423,-0.1593186479841442,1.5645936367185653,ols_2s_(peso_fracao)_(pais_status_sexo_modelo),LOSO_paises_case,Estudo_O,15,0.6666666666666666,0.6666666666666666
0.08257583981735833,0.09759381469024477,-0.2593121913975873,1.40686761850988,ols_(peso_fracao)_(pais_status_sexo_modelo),LOSO_paises_case,Estudo_O,15,0.6666666666666666,0.6666666666666666
0.08296354997895025,0.1000933578489039,-0.3246444917582787,1.318158402997518,ols_(consumo_fracao)_(pais_status_sexo_modelo),LOSO_paises_case,Estudo_O,15,0.6666666666666666,0.6666666666666666
0.10994576576393622,0.12664045915770755,-0.9671023139049821,1.5831232387131913,baseline_mediana_modelo,LOSO_paises_case,Estudo_BY,5,0.0,0.0
0.09241024325689154,0.10922002152343782,-0.463142117279858,1.2765136422001073,ols_2s_(sexo_modelo),LOSO_paises_case,Estudo_BY,5,0.0,0.0
0.09304743963326005,0.10957487789909257,-0.472665073818882,1.2873830543122615,ols_(sexo_modelo),LOSO_paises_case,Estudo_BY,5,0.0,0.0
0.09323204578156354,0.10967920297893513,-0.475470626367263,1.2905321055401153,ols_2s_(status_sexo_modelo),LOSO_paises_case,Estudo_BY,5,0.0,0.0
0.09238729601357269,0.10920739428680443,-0.4628038208121157,1.2761222045202227,ols_2s_(peso)_(sexo_modelo),LOSO_paises_case,Estudo_BY,5,0.0,0.0
0.09238729601357269,0.10920739428680443,-0.4628038208121157,1.2761222045202227,spl_2s_(peso)_(sexo_modelo),LOSO_paises_case,Estudo_BY,5,0.0,0.0
0.08977089656095136,0.10783811055209604,-0.4263514112313591,1.2314915220231797,ols_2s_(peso)_(status_sexo_modelo),LOSO_paises_case,Estudo_BY,5,0.0,0.0
0.08977089656095136,0.10783811055209604,-0.4263514112313591,1.2314915220231797,spl_2s_(peso)_(status_sexo_modelo),LOSO_paises_case,Estudo_BY,5,0.0,0.0
0.0897035027938047,0.09906515868472551,-0.20371556234665,1.2344050877600654,ols_(consumo)_(pais_status_sexo),LOSO_paises_case,Estudo_BY,5,1.0,0.0
0.09177404085292058,0.1088738796121947,-0.4538827842503468,1.2656612168483132,ols_2s_(consumo)_(pais_status_sexo_modelo),LOSO_paises_case,Estudo_BY,5,0.0,0.0
0.0981991577328492,0.11273474427436203,-0.5588257253577456,1.375263132147969,ols_(consumo)_(pais_status_sexo_modelo),LOSO_paises_case,Estudo_BY,5,0.0,0.0
0.09217182818243787,0.10908934641106825,-0.4596430906256814,1.2724467224150953,ols_2s_(fracao)_(sexo_modelo),LOSO_paises_case,Estudo_BY,5,0.0,0.0
0.09280051382470708,0.10943639832466989,-0.468945148745582,1.2831709450710165,ols_(fracao)_(sexo_modelo),LOSO_paises_case,Estudo_BY,5,0.0,0.0
0.09122903966190296,0.10858389964060883,-0.4461484141853642,1.2563645390480982,ols_2s_(fracao)_(status_sexo_modelo),LOSO_paises_case,Estudo_BY,5,0.0,0.0
0.09067855573539171,0.09974469676402299,-0.22028598951318523,1.251067628540086,ols_(peso_consumo)_(pais_status_sexo),LOSO_paises_case,Estudo_BY,5,1.0,0.0
0.09230503705423647,0.10916221667739168,-0.46159378717544786,1.2747190186104862,ols_2s_(peso_consumo)_(pais_status_sexo_modelo),LOSO_paises_case,Estudo_BY,5,0.0,0.0
0.09230503705423647,0.10916221667739168,-0.46159378717544786,1.2747190186104862,spl_2s_(peso_consumo)_(pais_status_sexo_modelo),LOSO_paises_case,Estudo_BY,5,0.0,0.0
0.09922391076437789,0.11342281609213299,-0.5779122508722434,1.3927440152441612,ols_(peso_consumo)_(pais_status_sexo_modelo),LOSO_paises_case,Estudo_BY,5,0.0,0.0
0.09277415613283461,0.10942168861950913,-0.4685502838161457,1.2827213306318723,ols_2s_(peso_fracao)_(pais_status_sexo_modelo),LOSO_paises_case,Estudo_BY,5,0.0,0.0
0.09973738351174677,0.11377474217234748,-0.5877192719396456,1.4015031854411182,ols_(peso_fracao)_(pais_status_sexo_modelo),LOSO_paises_case,Estudo_BY,5,0.0,0.0
0.09429780630397692,0.11029469247258214,-0.49207696103184206,1.3087121275235467,ols_(consumo_fracao)_(pais_status_sexo_modelo),LOSO_paises_case,Estudo_BY,5,0.0,0.0
0.07871435515427444,0.09663135024592374,-0.3179456422992668,0.5754023317015607,baseline_mediana_modelo,LOSO_paises_case,Estudo_AL,15,0.3333333333333333,0.3333333333333333
0.09338904133757792,0.10990995312858455,-0.7050434382162034,0.6145707044844059,ols_2s_(sexo_modelo),LOSO_paises_case,Estudo_AL,15,0.3333333333333333,0.3333333333333333
0.09259496051982234,0.10919204652593413,-0.6828422769663427,0.6139389314238853,ols_(sexo_modelo),LOSO_paises_case,Estudo_AL,15,0.3333333333333333,0.3333333333333333
0.09315606453348475,0.10969873998636603,-0.6984965961020744,0.6143852992269807,ols_2s_(status_sexo_modelo),LOSO_paises_case,Estudo_AL,15,0.3333333333333333,0.3333333333333333
0.08435054747027501,0.10141927003959626,-0.4517851948020162,0.6108957976734086,ols_2s_(peso)_(sexo_modelo),LOSO_paises_case,Estudo_AL,15,0.3333333333333333,0.3333333333333333
0.08435054747027501,0.10141927003959626,-0.4517851948020162,0.6108957976734086,spl_2s_(peso)_(sexo_modelo),LOSO_paises_case,Estudo_AL,15,0.3333333333333333,0.3333333333333333
0.0888743657612278,0.10585528199253191,-0.5815629014401118,0.6111114686903764,ols_2s_(peso)_(status_sexo_modelo),LOSO_paises_case,Estudo_AL,15,0.3333333333333333,0.3333333333333333
0.0888743657612278,0.10585528199253191,-0.5815629014401118,0.6111114686903764,spl_2s_(peso)_(status_sexo_modelo),LOSO_paises_case,Estudo_AL,15,0.3333333333333333,0.3333333333333333
0.08970698007237239,0.11204197432674183,-0.7718334994555316,0.8022131626257365,ols_(consumo)_(pais_status_sexo),LOSO_paises_case,Estudo_AL,15,0.0,0.3333333333333333
0.08258001218609741,0.10669418077213268,-0.6067298740559701,0.7429667443592325,ols_2s_(consumo)_(pais_status_sexo_modelo),LOSO_paises_case,Estudo_AL,15,0.3333333333333333,0.3333333333333333
0.08627021875834344,0.10922043256189605,-0.6837173485866439,0.7404908795370894,ols_(consumo)_(pais_status_sexo_modelo),LOSO_paises_case,Estudo_AL,15,0.3333333333333333,0.3333333333333333
0.10809683725294435,0.1271096225187129,-1.2804379532428798,0.7086596447519086,ols_2s_(fracao)_(sexo_modelo),LOSO_paises_case,Estudo_AL,15,0.3333333333333333,0.3333333333333333
0.10812636507187977,0.1271763079602212,-1.2828313503665933,0.7132135861908535,ols_(fracao)_(sexo_modelo),LOSO_paises_case,Estudo_AL,15,0.3333333333333333,0.3333333333333333
0.10807337893141185,0.12703994512201644,-1.2779385133702772,0.6967455741622235,ols_2s_(fracao)_(status_sexo_modelo),LOSO_paises_case,Estudo_AL,15,0.3333333333333333,0.3333333333333333
0.08967285131480075,0.11200346494393532,-0.7706157328277214,0.8023814644503122,ols_(peso_consumo)_(pais_status_sexo),LOSO_paises_case,Estudo_AL,15,0.0,0.3333333333333333
0.08283507387810683,0.10694023939967397,-0.6141493157445479,0.742000359463189,ols_2s_(peso_consumo)_(pais_status_sexo_modelo),LOSO_paises_case,Estudo_AL,15,0.3333333333333333,0.3333333333333333
0.08283507387810683,0.10694023939967397,-0.6141493157445479,0.742000359463189,spl_2s_(peso_consumo)_(pais_status_sexo_modelo),LOSO_paises_case,Estudo_AL,15,0.3333333333333333,0.3333333333333333
0.08620838986247144,0.10918153977024504,-0.6825184372259456,0.7405074924658904,ols_(peso_consumo)_(pais_status_sexo_modelo),LOSO_paises_case,Estudo_AL,15,0.3333333333333333,0.3333333333333333
0.09241350853658234,0.115954349793446,-0.8977346718863968,0.8800867767821312,ols_2s_(peso_fracao)_(pais_status_sexo_modelo),LOSO_paises_case,Estudo_AL,15,0.3333333333333333,0.3333333333333333
0.0920398482553608,0.11548686773858187,-0.8824636868343583,0.8482618034480692,ols_(peso_fracao)_(pais_status_sexo_modelo),LOSO_paises_case,Estudo_AL,15,0.3333333333333333,0.3333333333333333
0.09324860040946213,0.11515593746124461,-0.8716906581260109,0.7549130738104448,ols_(consumo_fracao)_(pais_status_sexo_modelo),LOSO_paises_case,Estudo_AL,15,0.3333333333333333,0.3333333333333333
0.05017129587235538,0.05335689475336929,0.37040883803624924,0.42664416001125066,baseline_mediana_modelo,LOSO_paises_case,Estudo_L,5,1.0,1.0
0.057033910057514035,0.06279068371802489,0.1280974385142668,0.5004782440166056,ols_2s_(sexo_modelo),LOSO_paises_case,Estudo_L,5,1.0,1.0
0.05899172751442692,0.06460087140566158,0.07710077355932532,0.5205523847159903,ols_(sexo_modelo),LOSO_paises_case,Estudo_L,5,1.0,1.0
0.065399276716301,0.07137545486926901,-0.1266144245598242,0.5862439734578934,ols_2s_(status_sexo_modelo),LOSO_paises_case,Estudo_L,5,1.0,1.0
0.060481717834931545,0.06606618150989649,0.034758597866690555,0.5358290465812683,ols_2s_(peso)_(sexo_modelo),LOSO_paises_case,Estudo_L,5,1.0,1.0
0.060481717834931545,0.06606618150989649,0.034758597866690555,0.5358290465812683,spl_2s_(peso)_(sexo_modelo),LOSO_paises_case,Estudo_L,5,1.0,1.0
0.06573316338846572,0.07175957413677574,-0.13877319199969773,0.58966676457514,ols_2s_(peso)_(status_sexo_modelo),LOSO_paises_case,Estudo_L,5,1.0,1.0
0.06573316338846572,0.07175957413677574,-0.13877319199969773,0.58966676457514,spl_2s_(peso)_(status_sexo_modelo),LOSO_paises_case,Estudo_L,5,1.0,1.0
0.07550590204959329,0.08332269658474314,-0.5353385789702958,0.6742465852559633,ols_(consumo)_(pais_status_sexo),LOSO_paises_case,Estudo_L,5,0.0,1.0
0.06380631575674038,0.06958199072305231,-0.07070844655263242,0.5699135790253476,ols_2s_(consumo)_(pais_status_sexo_modelo),LOSO_paises_case,Estudo_L,5,1.0,1.0
0.06585371689413096,0.07189894042800532,-0.14320077431211597,0.5909025947204594,ols_(consumo)_(pais_status_sexo_modelo),LOSO_paises_case,Estudo_L,5,1.0,1.0
0.06382968188895663,0.06960781536473395,-0.07150335893786441,0.5701531238370489,ols_2s_(fracao)_(sexo_modelo),LOSO_paises_case,Estudo_L,5,1.0,1.0
0.06608882965144698,0.0721717631686275,-0.15189305563876965,0.5933127955754377,ols_(fracao)_(sexo_modelo),LOSO_paises_case,Estudo_L,5,1.0,1.0
0.06913562643341976,0.07582262900363015,-0.27137950674030953,0.6245450645027105,ols_2s_(fracao)_(status_sexo_modelo),LOSO_paises_case,Estudo_L,5,1.0,1.0
0.07539453639777227,0.0832132309948235,-0.5313071121331685,0.6731137280985549,ols_(peso_consumo)_(pais_status_sexo),LOSO_paises_case,Estudo_L,5,0.0,1.0
0.06384856427094829,0.06962869525207664,-0.0721462817142855,0.5703467020565041,ols_2s_(peso_consumo)_(pais_status_sexo_modelo),LOSO_paises_case,Estudo_L,5,1.0,1.0
0.06384856427094829,0.06962869525207664,-0.0721462817142855,0.5703467020565041,spl_2s_(peso_consumo)_(pais_status_sexo_modelo),LOSO_paises_case,Estudo_L,5,1.0,1.0
0.06574810822652111,0.07177683180463493,-0.139320991590278,0.5898199687345442,ols_(peso_consumo)_(pais_status_sexo_modelo),LOSO_paises_case,Estudo_L,5,1.0,1.0
0.06430950284340424,0.0701413544157028,-0.08799230805804958,0.5750721195685402,ols_2s_(peso_fracao)_(pais_status_sexo_modelo),LOSO_paises_case,Estudo_L,5,1.0,1.0
0.0656422865160945,0.07165475164246699,-0.13544870564488098,0.5887351558155586,ols_(peso_fracao)_(pais_status_sexo_modelo),LOSO_paises_case,Estudo_L,5,1.0,1.0
0.06752826737320392,0.07387062151341153,-0.2067603586420408,0.6080685425402441,ols_(consumo_fracao)_(pais_status_sexo_modelo),LOSO_paises_case,Estudo_L,5,1.0,1.0
0.16841062687433883,0.21082718038283826,-0.9223605602668248,0.44987156563096686,baseline_mediana_modelo,LOSO_paises_case,Estudo_X,10,1.0,1.0
0.22513764472634756,0.2653341069334637,-2.04486333914349,0.582407640903771,ols_2s_(sexo_modelo),LOSO_paises_case,Estudo_X,10,1.0,1.0
0.2218516565502049,0.26192978035646597,-1.9672313187021615,0.575329115436715,ols_(sexo_modelo),LOSO_paises_case,Estudo_X,10,1.0,1.0
0.2165470029369752,0.2564729188856602,-1.8448847398641175,0.5639067562209005,ols_2s_(status_sexo_modelo),LOSO_paises_case,Estudo_X,10,1.0,1.0
0.2239378796253663,0.26408906638559687,-2.016355251248332,0.579822896256825,ols_2s_(peso)_(sexo_modelo),LOSO_paises_case,Estudo_X,10,1.0,1.0
0.2239378796253663,0.26408906638559687,-2.016355251248332,0.579822896256825,spl_2s_(peso)_(sexo_modelo),LOSO_paises_case,Estudo_X,10,1.0,1.0
0.21993018270264747,0.25994751464705096,-1.9224896767789246,0.5711910074713263,ols_2s_(peso)_(status_sexo_modelo),LOSO_paises_case,Estudo_X,10,1.0,1.0
0.21993018270264747,0.25994751464705096,-1.9224896767789246,0.5711910074713263,spl_2s_(peso)_(status_sexo_modelo),LOSO_paises_case,Estudo_X,10,1.0,1.0
0.22979640563996298,0.2711405184970449,-2.1795853783057373,0.6078168910772002,ols_(consumo)_(pais_status_sexo),LOSO_paises_case,Estudo_X,10,0.0,1.0
0.2329011521101736,0.2745042004067678,-2.2589645426230414,0.6039795796658174,ols_2s_(consumo)_(pais_status_sexo_modelo),LOSO_paises_case,Estudo_X,10,1.0,1.0
0.22655112557449048,0.26801279504223285,-2.1066526815537485,0.5906172292088836,ols_(consumo)_(pais_status_sexo_modelo),LOSO_paises_case,Estudo_X,10,1.0,1.0
0.22989549011769927,0.2712537757557995,-2.182242202423106,0.5969672397398293,ols_2s_(fracao)_(sexo_modelo),LOSO_paises_case,Estudo_X,10,1.0,1.0
0.22684839446648025,0.2681586163330538,-2.11003415700411,0.590626832075593,ols_(fracao)_(sexo_modelo),LOSO_paises_case,Estudo_X,10,1.0,1.0
0.22357205890470172,0.2646635984133401,-2.0294938321521,0.5830803592142734,ols_2s_(fracao)_(status_sexo_modelo),LOSO_paises_case,Estudo_X,10,1.0,1.0
0.22981524552492502,0.271160337247709,-2.1800502126521635,0.6078595357639998,ols_(peso_consumo)_(pais_status_sexo),LOSO_paises_case,Estudo_X,10,0.0,1.0
0.23302563036718907,0.2746381989712985,-2.2621470305857785,0.6042665937351438,ols_2s_(peso_consumo)_(pais_status_sexo_modelo),LOSO_paises_case,Estudo_X,10,1.0,1.0
0.23302563036718907,0.2746381989712985,-2.2621470305857785,0.6042665937351438,spl_2s_(peso_consumo)_(pais_status_sexo_modelo),LOSO_paises_case,Estudo_X,10,1.0,1.0
0.226570280656701,0.2680331935476914,-2.107125595417914,0.5906611444700312,ols_(peso_consumo)_(pais_status_sexo_modelo),LOSO_paises_case,Estudo_X,10,1.0,1.0
0.24262000295219782,0.28507230428102964,-2.514727821686843,0.6266378712225296,ols_2s_(peso_fracao)_(pais_status_sexo_modelo),LOSO_paises_case,Estudo_X,10,1.0,1.0
0.2360632695990458,0.2782195591063364,-2.3477804034639713,0.612529373693256,ols_(peso_fracao)_(pais_status_sexo_modelo),LOSO_paises_case,Estudo_X,10,1.0,1.0
0.23053601541560614,0.2722654945893418,-2.2060246434156823,0.5997530334775248,ols_(consumo_fracao)_(pais_status_sexo_modelo),LOSO_paises_case,Estudo_X,10,1.0,1.0
0.13232463337751435,0.1407511385505789,0.044648417948712216,1.0414596516156807,baseline_mediana_modelo,LOSO_paises_case,Estudo_BM,5,1.0,1.0
0.14527380525166228,0.15945901185432337,-0.22618932511079137,0.8926120320362416,ols_2s_(sexo_modelo),LOSO_paises_case,Estudo_BM,5,1.0,1.0
0.14926593395939103,0.16907438426709412,-0.3785261945884939,0.813322118232886,ols_(sexo_modelo),LOSO_paises_case,Estudo_BM,5,1.0,1.0
0.13717740939786263,0.14353335434852357,0.006506425418934092,1.056024819663731,ols_2s_(status_sexo_modelo),LOSO_paises_case,Estudo_BM,5,1.0,1.0
0.13921956667221952,0.1470217691412971,-0.042371869937934736,1.014509500434898,ols_2s_(peso)_(sexo_modelo),LOSO_paises_case,Estudo_BM,5,1.0,1.0
0.13921956667221952,0.1470217691412971,-0.042371869937934736,1.014509500434898,spl_2s_(peso)_(sexo_modelo),LOSO_paises_case,Estudo_BM,5,1.0,1.0
0.13387653284930237,0.13877716527404335,0.07125728919662666,1.1235114910092452,ols_2s_(peso)_(status_sexo_modelo),LOSO_paises_case,Estudo_BM,5,1.0,1.0
0.13387653284930237,0.13877716527404335,0.07125728919662666,1.1235114910092452,spl_2s_(peso)_(status_sexo_modelo),LOSO_paises_case,Estudo_BM,5,1.0,1.0
0.16284499841648198,0.1872446852328636,-0.6907460946399246,0.8200555400490612,ols_(consumo)_(pais_status_sexo),LOSO_paises_case,Estudo_BM,5,0.0,1.0
0.14841771328496228,0.16695167687948054,-0.3441290425075558,0.830089500176409,ols_2s_(consumo)_(pais_status_sexo_modelo),LOSO_paises_case,Estudo_BM,5,1.0,1.0
0.15387212329470146,0.18123872522132756,-0.5840226656771981,0.7230970299277939,ols_(consumo)_(pais_status_sexo_modelo),LOSO_paises_case,Estudo_BM,5,1.0,1.0
0.14482079438047554,0.15843216488859654,-0.21044791651054995,0.9016673484245956,ols_2s_(fracao)_(sexo_modelo),LOSO_paises_case,Estudo_BM,5,1.0,1.0
0.14882846512787992,0.16797457991407366,-0.3606502983531805,0.8219642971038678,ols_(fracao)_(sexo_modelo),LOSO_paises_case,Estudo_BM,5,1.0,1.0
0.13801208264434567,0.14491136893934556,-0.012661530789360942,1.039033961382127,ols_2s_(fracao)_(status_sexo_modelo),LOSO_paises_case,Estudo_BM,5,1.0,1.0
0.16288333344021558,0.1873672572320891,-0.6929603733382561,0.8190106847564163,ols_(peso_consumo)_(pais_status_sexo),LOSO_paises_case,Estudo_BM,5,0.0,1.0
0.14844436589941556,0.16701775986955186,-0.345193322268613,0.829561962089804,ols_2s_(peso_consumo)_(pais_status_sexo_modelo),LOSO_paises_case,Estudo_BM,5,1.0,1.0
0.14844436589941556,0.16701775986955186,-0.345193322268613,0.829561962089804,spl_2s_(peso_consumo)_(pais_status_sexo_modelo),LOSO_paises_case,Estudo_BM,5,1.0,1.0
0.15392026230081968,0.1813709322408655,-0.5863344817305565,0.7221619935017514,ols_(peso_consumo)_(pais_status_sexo_modelo),LOSO_paises_case,Estudo_BM,5,1.0,1.0
0.14180119910953662,0.15196840846440174,-0.11369437043124964,0.962304975649532,ols_2s_(peso_fracao)_(pais_status_sexo_modelo),LOSO_paises_case,Estudo_BM,5,1.0,1.0
0.14791619508701376,0.16571585063066088,-0.32430340233304533,0.840024170881845,ols_(peso_fracao)_(pais_status_sexo_modelo),LOSO_paises_case,Estudo_BM,5,1.0,1.0
0.152358125952124,0.17713088918951808,-0.5130316036369849,0.7525909722813171,ols_(consumo_fracao)_(pais_status_sexo_modelo),LOSO_paises_case,Estudo_BM,5,1.0,1.0
0.0791998886739406,0.0873967768355675,-0.42573124885627833,0.4709629778155497,baseline_mediana_modelo,LOSO_paises_case,Estudo_D,5,0.0,0.0
0.07381615265238282,0.1011629727147676,-0.9102490899214126,0.33909991368136483,ols_2s_(sexo_modelo),LOSO_paises_case,Estudo_D,5,0.0,0.0
0.07152086101781326,0.09908420372451902,-0.8325493676181797,0.33169326979956765,ols_(sexo_modelo),LOSO_paises_case,Estudo_D,5,0.0,0.0
0.0679186964116609,0.09493403328782664,-0.6822506336767262,0.32487984018177957,ols_2s_(status_sexo_modelo),LOSO_paises_case,Estudo_D,5,0.0,0.0
0.06825223017730203,0.0958106280739914,-0.7134609457127146,0.3232564919775576,ols_2s_(peso)_(sexo_modelo),LOSO_paises_case,Estudo_D,5,0.0,0.0
0.06825223017730203,0.0958106280739914,-0.7134609457127146,0.3232564919775576,spl_2s_(peso)_(sexo_modelo),LOSO_paises_case,Estudo_D,5,0.0,0.0
0.06721879724026449,0.09318186050110529,-0.62072596874158,0.32828413813622304,ols_2s_(peso)_(status_sexo_modelo),LOSO_paises_case,Estudo_D,5,0.0,0.0
0.06721879724026449,0.09318186050110529,-0.62072596874158,0.32828413813622304,spl_2s_(peso)_(status_sexo_modelo),LOSO_paises_case,Estudo_D,5,0.0,0.0
0.08823434345427675,0.10930774675626566,-1.2302252054586802,0.4080268443390528,ols_(consumo)_(pais_status_sexo),LOSO_paises_case,Estudo_D,5,0.0,0.0
0.07756245658622332,0.10475452301948698,-1.0482945210830348,0.35119958699199944,ols_2s_(consumo)_(pais_status_sexo_modelo),LOSO_paises_case,Estudo_D,5,0.0,0.0
0.08600674176949831,0.11363742418610291,-1.4104026601266337,0.37852616665595434,ols_(consumo)_(pais_status_sexo_modelo),LOSO_paises_case,Estudo_D,5,0.0,0.0
0.09109610331054738,0.11943520221928654,-1.6626343737576517,0.3950359337253606,ols_2s_(fracao)_(sexo_modelo),LOSO_paises_case,Estudo_D,5,0.0,0.0
0.08973118751917722,0.11785140418186067,-1.5924856358750454,0.39060496991402094,ols_(fracao)_(sexo_modelo),LOSO_paises_case,Estudo_D,5,0.0,0.0
0.08458510946029318,0.11207336141892527,-1.3445075290906163,0.37392006322411764,ols_2s_(fracao)_(status_sexo_modelo),LOSO_paises_case,Estudo_D,5,0.0,0.0
0.0881482477725359,0.10920121581288793,-1.2258801846176235,0.4077672863505676,ols_(peso_consumo)_(pais_status_sexo),LOSO_paises_case,Estudo_D,5,0.0,0.0
0.07755984780416861,0.10475194107668413,-1.048193551426182,0.3511911564268402,ols_2s_(peso_consumo)_(pais_status_sexo_modelo),LOSO_paises_case,Estudo_D,5,0.0,0.0
0.07755984780416861,0.10475194107668413,-1.048193551426182,0.3511911564268402,spl_2s_(peso_consumo)_(pais_status_sexo_modelo),LOSO_paises_case,Estudo_D,5,0.0,0.0
0.08591851882926545,0.11353962022833614,-1.406255338557414,0.3782402542906077,ols_(peso_consumo)_(pais_status_sexo_modelo),LOSO_paises_case,Estudo_D,5,0.0,0.0
0.08819877806814909,0.11609791934373528,-1.5159135205682168,0.38563311363605324,ols_2s_(peso_fracao)_(pais_status_sexo_modelo),LOSO_paises_case,Estudo_D,5,0.0,0.0
0.09520785945386301,0.12389241068769037,-1.8650766344608107,0.4112682939789828,ols_(peso_fracao)_(pais_status_sexo_modelo),LOSO_paises_case,Estudo_D,5,0.0,0.0
0.08940061925795992,0.11747090039088963,-1.5757720777211581,0.38953219982331777,ols_(consumo_fracao)_(pais_status_sexo_modelo),LOSO_paises_case,Estudo_D,5,0.0,0.0
0.118385588860027,0.1338942573214559,-0.7216197025798377,11.335042626572255,baseline_mediana_modelo,LOSO_paises_case,Estudo_CE,15,0.0,0.0
0.08619775151750485,0.10789311063018887,-0.11789432480927098,7.358767656659324,ols_2s_(sexo_modelo),LOSO_paises_case,Estudo_CE,15,0.0,0.0
0.08816573007991967,0.10869251329296788,-0.13452111972219094,7.672852665248736,ols_(sexo_modelo),LOSO_paises_case,Estudo_CE,15,0.0,0.0
0.09221145186376563,0.11042563098180168,-0.17098977241108537,8.159459364088281,ols_2s_(status_sexo_modelo),LOSO_paises_case,Estudo_CE,15,0.0,0.0
0.08850834151107198,0.1088200202950719,-0.13718449058839588,7.715490390218358,ols_2s_(peso)_(sexo_modelo),LOSO_paises_case,Estudo_CE,15,0.0,0.0
0.08850834151107198,0.1088200202950719,-0.13718449058839588,7.715490390218358,spl_2s_(peso)_(sexo_modelo),LOSO_paises_case,Estudo_CE,15,0.0,0.0
0.09208841443744274,0.11036416641120547,-0.16968655409336852,8.144710604826196,ols_2s_(peso)_(status_sexo_modelo),LOSO_paises_case,Estudo_CE,15,0.0,0.0
0.09208841443744274,0.11036416641120547,-0.16968655409336852,8.144710604826196,spl_2s_(peso)_(status_sexo_modelo),LOSO_paises_case,Estudo_CE,15,0.0,0.0
0.07586706684596037,0.10631753220884897,-0.08548317848277276,4.446442172519415,ols_(consumo)_(pais_status_sexo),LOSO_paises_case,Estudo_CE,15,0.3333333333333333,0.0
0.07951877719425922,0.11147991244398271,-0.19345640817991328,4.7161510647751435,ols_2s_(consumo)_(pais_status_sexo_modelo),LOSO_paises_case,Estudo_CE,15,0.0,0.0
0.07935655823343354,0.11012995377306438,-0.16472725088455187,4.977359563733588,ols_(consumo)_(pais_status_sexo_modelo),LOSO_paises_case,Estudo_CE,15,0.0,0.0
0.08399319145356923,0.1065764858983965,-0.09077736069861442,6.792344722161072,ols_2s_(fracao)_(sexo_modelo),LOSO_paises_case,Estudo_CE,15,0.0,0.0
0.08505177509763154,0.10690899851804007,-0.09759430595713092,7.07324469979733,ols_(fracao)_(sexo_modelo),LOSO_paises_case,Estudo_CE,15,0.0,0.0
0.08711175469901722,0.10774852390098455,-0.11490016917287593,7.439316453023864,ols_2s_(fracao)_(status_sexo_modelo),LOSO_paises_case,Estudo_CE,15,0.0,0.0
0.07586395656179418,0.10634300185321173,-0.08600332189681792,4.442829870966679,ols_(peso_consumo)_(pais_status_sexo),LOSO_paises_case,Estudo_CE,15,0.3333333333333333,0.0
0.07951951525615786,0.11148538742508196,-0.193573636684786,4.715323094933171,ols_2s_(peso_consumo)_(pais_status_sexo_modelo),LOSO_paises_case,Estudo_CE,15,0.0,0.0
0.07951951525615786,0.11148538742508196,-0.193573636684786,4.715323094933171,spl_2s_(peso_consumo)_(pais_status_sexo_modelo),LOSO_paises_case,Estudo_CE,15,0.0,0.0
0.07935997278324299,0.11015197943219311,-0.16519318135808536,4.973517395904267,ols_(peso_consumo)_(pais_status_sexo_modelo),LOSO_paises_case,Estudo_CE,15,0.0,0.0
0.07968298411842337,0.11414816280130236,-0.2512704107848265,4.18430763581146,ols_2s_(peso_fracao)_(pais_status_sexo_modelo),LOSO_paises_case,Estudo_CE,15,0.0,0.0
0.07949058391071377,0.11196518611751337,-0.2038692887306215,4.538193763862885,ols_(peso_fracao)_(pais_status_sexo_modelo),LOSO_paises_case,Estudo_CE,15,0.0,0.0
0.07934703752761847,0.11022862713932259,-0.1668153121362177,4.925863326077182,ols_(consumo_fracao)_(pais_status_sexo_modelo),LOSO_paises_case,Estudo_CE,15,0.0,0.0
0.1454256275768907,0.15896805342502415,-0.4989950372497822,1.7638769095214286,baseline_mediana_modelo,LOSO_paises_case,Estudo_BF,10,0.0,0.0
0.10701221807986253,0.14004991781480222,-0.16344591485336735,1.013350829007773,ols_2s_(sexo_modelo),LOSO_paises_case,Estudo_BF,10,0.0,0.0
0.10795199997608315,0.14004194149996244,-0.16331339429502978,1.0358959464638768,ols_(sexo_modelo),LOSO_paises_case,Estudo_BF,10,0.0,0.0
0.11304892599486341,0.14055425032303684,-0.17184035163959877,1.1582910227336924,ols_2s_(status_sexo_modelo),LOSO_paises_case,Estudo_BF,10,0.0,0.0
0.10476259789316693,0.14019798700995584,-0.1659073453243407,0.9594129855796373,ols_2s_(peso)_(sexo_modelo),LOSO_paises_case,Estudo_BF,10,0.0,0.0
0.10476259789316693,0.14019798700995584,-0.1659073453243407,0.9594129855796373,spl_2s_(peso)_(sexo_modelo),LOSO_paises_case,Estudo_BF,10,0.0,0.0
0.10915299173309168,0.14007812954351032,-0.16391469237143586,1.0647178176439216,ols_2s_(peso)_(status_sexo_modelo),LOSO_paises_case,Estudo_BF,10,0.0,0.0
0.10915299173309168,0.14007812954351032,-0.16391469237143586,1.0647178176439216,spl_2s_(peso)_(status_sexo_modelo),LOSO_paises_case,Estudo_BF,10,0.0,0.0
0.09786670821221319,0.12987859001391572,-0.0005887435099489746,0.9193330935067708,ols_(consumo)_(pais_status_sexo),LOSO_paises_case,Estudo_BF,10,0.0,0.0
0.10757122265202493,0.13976789918752663,-0.15876496874775348,1.0302940576327688,ols_2s_(consumo)_(pais_status_sexo_modelo),LOSO_paises_case,Estudo_BF,10,0.0,0.0
0.10642136014905342,0.13977978213484588,-0.15896201153792888,1.0026530211617684,ols_(consumo)_(pais_status_sexo_modelo),LOSO_paises_case,Estudo_BF,10,0.0,0.0
0.1090416272277686,0.13989760260944806,-0.16091661471405927,1.064473101064533,ols_2s_(fracao)_(sexo_modelo),LOSO_paises_case,Estudo_BF,10,0.0,0.0
0.11005235551864645,0.1399726776836187,-0.16216294467444636,1.088827303580728,ols_(fracao)_(sexo_modelo),LOSO_paises_case,Estudo_BF,10,0.0,0.0
0.11353390469611904,0.14054567562331602,-0.1716973766301393,1.1721875327906057,ols_2s_(fracao)_(status_sexo_modelo),LOSO_paises_case,Estudo_BF,10,0.0,0.0
0.09821366782309886,0.12981953275946084,0.0003210074985909861,0.9281737458979876,ols_(peso_consumo)_(pais_status_sexo),LOSO_paises_case,Estudo_BF,10,0.0,0.0
0.10806435042063925,0.13978040202332667,-0.1589722909758089,1.042109684662482,ols_2s_(peso_consumo)_(pais_status_sexo_modelo),LOSO_paises_case,Estudo_BF,10,0.0,0.0
0.10806435042063925,0.13978040202332667,-0.1589722909758089,1.042109684662482,spl_2s_(peso_consumo)_(pais_status_sexo_modelo),LOSO_paises_case,Estudo_BF,10,0.0,0.0
0.10680343876365261,0.1397728039436873,-0.1588462972842013,1.0118041478916593,ols_(peso_consumo)_(pais_status_sexo_modelo),LOSO_paises_case,Estudo_BF,10,0.0,0.0
0.10653039655691532,0.13974447089573888,-0.158376530363026,1.0057128140801503,ols_2s_(peso_fracao)_(pais_status_sexo_modelo),LOSO_paises_case,Estudo_BF,10,0.0,0.0
0.10508500410263497,0.1398352388113103,-0.15988181453234862,0.9707766315383116,ols_(peso_fracao)_(pais_status_sexo_modelo),LOSO_paises_case,Estudo_BF,10,0.0,0.0
0.10438975266726194,0.13990315637856818,-0.16100879057274287,0.9540272200367289,ols_(consumo_fracao)_(pais_status_sexo_modelo),LOSO_paises_case,Estudo_BF,10,0.0,0.0
0.046623330441107745,0.05253311999291956,-0.44897458328884876,0.19903566790251373,baseline_mediana_modelo,LOSO_paises_case,Estudo_AT,20,0.0,0.0
0.07707442807928454,0.08651909031670091,-2.93023272114669,0.31500229355932174,ols_2s_(sexo_modelo),LOSO_paises_case,Estudo_AT,20,0.0,0.0
0.08493707565826183,0.0936507020111271,-3.6048602273353865,0.35110568676404585,ols_(sexo_modelo),LOSO_paises_case,Estudo_AT,20,0.0,0.0
0.1258040907940401,0.13198285372130358,-8.14596229920789,0.5391779457923913,ols_2s_(status_sexo_modelo),LOSO_paises_case,Estudo_AT,20,0.0,0.0
0.06671840242131521,0.0742513078469372,-1.894693549071996,0.2757326135443536,ols_2s_(peso)_(sexo_modelo),LOSO_paises_case,Estudo_AT,20,0.0,0.0
0.06671840242131521,0.0742513078469372,-1.894693549071996,0.2757326135443536,spl_2s_(peso)_(sexo_modelo),LOSO_paises_case,Estudo_AT,20,0.0,0.0
0.11148302978774191,0.11834852490515403,-6.353939904382478,0.47328302077077467,ols_2s_(peso)_(status_sexo_modelo),LOSO_paises_case,Estudo_AT,20,0.0,0.0
0.11148302978774191,0.11834852490515403,-6.353939904382478,0.47328302077077467,spl_2s_(peso)_(status_sexo_modelo),LOSO_paises_case,Estudo_AT,20,0.0,0.0
0.15711383231546489,0.16306331359362133,-12.960690677973894,0.6797244226803895,ols_(consumo)_(pais_status_sexo),LOSO_paises_case,Estudo_AT,20,0.0,0.0
0.1413406355674235,0.1469362668677808,-10.335805392248375,0.6106355096722803,ols_2s_(consumo)_(pais_status_sexo_modelo),LOSO_paises_case,Estudo_AT,20,0.0,0.0
0.15675008920891556,0.1618881672593403,-12.760195076832295,0.6814830683730728,ols_(consumo)_(pais_status_sexo_modelo),LOSO_paises_case,Estudo_AT,20,0.0,0.0
0.09145647675897253,0.09963120462512241,-4.21176878831995,0.38110103560427344,ols_2s_(fracao)_(sexo_modelo),LOSO_paises_case,Estudo_AT,20,0.0,0.0
0.09927058881396175,0.10687737547024902,-4.997440375885734,0.4170681923552948,ols_(fracao)_(sexo_modelo),LOSO_paises_case,Estudo_AT,20,0.0,0.0
0.12698283983515615,0.13311583659958312,-8.30365998024405,0.5445894556422183,ols_2s_(fracao)_(status_sexo_modelo),LOSO_paises_case,Estudo_AT,20,0.0,0.0
0.15764861853063064,0.16357859173941727,-13.049061318244124,0.6821997192571072,ols_(peso_consumo)_(pais_status_sexo),LOSO_paises_case,Estudo_AT,20,0.0,0.0
0.14143624043083816,0.14702868283815587,-10.350069248627399,0.611075201414165,ols_2s_(peso_consumo)_(pais_status_sexo_modelo),LOSO_paises_case,Estudo_AT,20,0.0,0.0
0.14143624043083816,0.14702868283815587,-10.350069248627399,0.611075201414165,spl_2s_(peso_consumo)_(pais_status_sexo_modelo),LOSO_paises_case,Estudo_AT,20,0.0,0.0
0.15728519027882645,0.16240913687047034,-12.848900486817682,0.6839428603383685,ols_(peso_consumo)_(pais_status_sexo_modelo),LOSO_paises_case,Estudo_AT,20,0.0,0.0
0.14680728459291875,0.15222996100394387,-11.167312159699222,0.6357677960910457,ols_2s_(peso_fracao)_(pais_status_sexo_modelo),LOSO_paises_case,Estudo_AT,20,0.0,0.0
0.16177148623133236,0.1667828316812031,-13.604848768880732,0.704558131402111,ols_(peso_fracao)_(pais_status_sexo_modelo),LOSO_paises_case,Estudo_AT,20,0.0,0.0
0.15248757044618141,0.15774271473782675,-12.064506204662836,0.66188582511012,ols_(consumo_fracao)_(pais_status_sexo_modelo),LOSO_paises_case,Estudo_AT,20,0.0,0.0
0.2222172492671659,0.2680244660225446,-1.3828123817222133,0.510889120051784,baseline_mediana_modelo,LOSO_paises_case,Estudo_CG,10,1.0,1.0
0.23397787812675763,0.28282389544481035,-1.6532194272544598,0.5196297705988464,ols_2s_(sexo_modelo),LOSO_paises_case,Estudo_CG,10,1.0,1.0
0.23324302074515768,0.28186178981664123,-1.635198775130743,0.5190269868492778,ols_(sexo_modelo),LOSO_paises_case,Estudo_CG,10,1.0,1.0
0.23440283384906446,0.2833812285902732,-1.663686605902805,0.519978333650601,ols_2s_(status_sexo_modelo),LOSO_paises_case,Estudo_CG,10,1.0,1.0
0.23789641886960405,0.28807031080614864,-1.7525674609029291,0.521153946399956,ols_2s_(peso)_(sexo_modelo),LOSO_paises_case,Estudo_CG,10,1.0,1.0
0.23789641886960405,0.28807031080614864,-1.7525674609029291,0.521153946399956,spl_2s_(peso)_(sexo_modelo),LOSO_paises_case,Estudo_CG,10,1.0,1.0
0.24241837775070563,0.29404228648151115,-1.8678772020330632,0.5253022942839484,ols_2s_(peso)_(status_sexo_modelo),LOSO_paises_case,Estudo_CG,10,1.0,1.0
0.24241837775070563,0.29404228648151115,-1.8678772020330632,0.5253022942839484,spl_2s_(peso)_(status_sexo_modelo),LOSO_paises_case,Estudo_CG,10,1.0,1.0
0.232207435228642,0.2809685757439733,-1.6185234601418523,0.5257215750910583,ols_(consumo)_(pais_status_sexo),LOSO_paises_case,Estudo_CG,10,0.0,1.0
0.24002450937278938,0.29048679692624557,-1.7989411352142297,0.5343622124508345,ols_2s_(consumo)_(pais_status_sexo_modelo),LOSO_paises_case,Estudo_CG,10,1.0,1.0
0.23293524108116662,0.2813628608112285,-1.6258777994241358,0.5294804700396865,ols_(consumo)_(pais_status_sexo_modelo),LOSO_paises_case,Estudo_CG,10,1.0,1.0
0.23444020697202084,0.28333057146708407,-1.6627343717639023,0.52369596253411,ols_2s_(fracao)_(sexo_modelo),LOSO_paises_case,Estudo_CG,10,1.0,1.0
0.23372271905254313,0.28239610495351347,-1.6451991456493702,0.5232485345910136,ols_(fracao)_(sexo_modelo),LOSO_paises_case,Estudo_CG,10,1.0,1.0
0.23651672475894053,0.2860516557086641,-1.7141253474790186,0.5249583957293514,ols_2s_(fracao)_(status_sexo_modelo),LOSO_paises_case,Estudo_CG,10,1.0,1.0
0.23262297211204475,0.2814976944450922,-1.6283951286806904,0.5259627270674325,ols_(peso_consumo)_(pais_status_sexo),LOSO_paises_case,Estudo_CG,10,0.0,1.0
0.24098689154095626,0.2917469806388982,-1.8232784258435206,0.5349006098111276,ols_2s_(peso_consumo)_(pais_status_sexo_modelo),LOSO_paises_case,Estudo_CG,10,1.0,1.0
0.24098689154095626,0.2917469806388982,-1.8232784258435206,0.5349006098111276,spl_2s_(peso_consumo)_(pais_status_sexo_modelo),LOSO_paises_case,Estudo_CG,10,1.0,1.0
0.23334836640069997,0.2818870329311868,-1.6356708050807218,0.5297110634119122,ols_(peso_consumo)_(pais_status_sexo_modelo),LOSO_paises_case,Estudo_CG,10,1.0,1.0
0.2424860510168958,0.2937040135750719,-1.8612824558074945,0.5363930412609601,ols_2s_(peso_fracao)_(pais_status_sexo_modelo),LOSO_paises_case,Estudo_CG,10,1.0,1.0
0.2358578953375942,0.2850938071577139,-1.695979195372376,0.5313121979056795,ols_(peso_fracao)_(pais_status_sexo_modelo),LOSO_paises_case,Estudo_CG,10,1.0,1.0
0.23753635918173246,0.28726062869547997,-1.7371158685187806,0.5320615908232005,ols_(consumo_fracao)_(pais_status_sexo_modelo),LOSO_paises_case,Estudo_CG,10,1.0,1.0
0.10114734973765437,0.11254615525384462,-0.32467840556338246,2.3006412552548756,baseline_mediana_modelo,LOSO_paises_case,Estudo_CL,15,0.3333333333333333,0.3333333333333333
0.09180780191547616,0.10338410068560222,-0.11778078152322569,2.060273501491944,ols_2s_(sexo_modelo),LOSO_paises_case,Estudo_CL,15,0.3333333333333333,0.3333333333333333
0.0920834549478358,0.10362748928880577,-0.12304997358787184,2.07186537727587,ols_(sexo_modelo),LOSO_paises_case,Estudo_CL,15,0.3333333333333333,0.3333333333333333
0.09473373386592171,0.10625700600292114,-0.18076719598383373,2.1829378870065126,ols_2s_(status_sexo_modelo),LOSO_paises_case,Estudo_CL,15,0.3333333333333333,0.3333333333333333
0.08979819888570129,0.10186194742043758,-0.08510828524331382,1.9740276294628822,ols_2s_(peso)_(sexo_modelo),LOSO_paises_case,Estudo_CL,15,0.3333333333333333,0.3333333333333333
0.08979819888570129,0.10186194742043758,-0.08510828524331382,1.9740276294628822,spl_2s_(peso)_(sexo_modelo),LOSO_paises_case,Estudo_CL,15,0.3333333333333333,0.3333333333333333
0.09491024219090656,0.10645616275978234,-0.18519755124199366,2.188533335179721,ols_2s_(peso)_(status_sexo_modelo),LOSO_paises_case,Estudo_CL,15,0.3333333333333333,0.3333333333333333
0.09491024219090656,0.10645616275978234,-0.18519755124199366,2.188533335179721,spl_2s_(peso)_(status_sexo_modelo),LOSO_paises_case,Estudo_CL,15,0.3333333333333333,0.3333333333333333
0.11275946427760301,0.12925853057125883,-0.7473003293604885,2.9238009904759172,ols_(consumo)_(pais_status_sexo),LOSO_paises_case,Estudo_CL,15,0.0,0.3333333333333333
0.13058820084603814,0.15037666466756683,-1.3648849953911943,3.3479165241503943,ols_2s_(consumo)_(pais_status_sexo_modelo),LOSO_paises_case,Estudo_CL,15,0.3333333333333333,0.3333333333333333
0.11631432416735879,0.1310390165614515,-0.7957686269990036,2.9035267389950525,ols_(consumo)_(pais_status_sexo_modelo),LOSO_paises_case,Estudo_CL,15,0.3333333333333333,0.3333333333333333
0.09207504183569849,0.1051489002278661,-0.156268246372266,2.0428135967710555,ols_2s_(fracao)_(sexo_modelo),LOSO_paises_case,Estudo_CL,15,0.3333333333333333,0.3333333333333333
0.09235974172243783,0.10539770572536862,-0.1617466918873971,2.0538572250405176,ols_(fracao)_(sexo_modelo),LOSO_paises_case,Estudo_CL,15,0.3333333333333333,0.3333333333333333
0.0956596530696057,0.10785389748934157,-0.21652438081520153,2.1956971791622397,ols_2s_(fracao)_(status_sexo_modelo),LOSO_paises_case,Estudo_CL,15,0.3333333333333333,0.3333333333333333
0.11336161032420546,0.13002792144615463,-0.7681632922722719,2.943477182243563,ols_(peso_consumo)_(pais_status_sexo),LOSO_paises_case,Estudo_CL,15,0.0,0.3333333333333333
0.13192317191967684,0.15234355211787465,-1.4271537335169424,3.3906122910930176,ols_2s_(peso_consumo)_(pais_status_sexo_modelo),LOSO_paises_case,Estudo_CL,15,0.3333333333333333,0.3333333333333333
0.13192317191967684,0.15234355211787465,-1.4271537335169424,3.3906122910930176,spl_2s_(peso_consumo)_(pais_status_sexo_modelo),LOSO_paises_case,Estudo_CL,15,0.3333333333333333,0.3333333333333333
0.11692710671050517,0.13181286865485609,-0.8170411101210662,2.9231161816187003,ols_(peso_consumo)_(pais_status_sexo_modelo),LOSO_paises_case,Estudo_CL,15,0.3333333333333333,0.3333333333333333
0.1285913384171118,0.14746141557824835,-1.2740809866008895,3.282537092217107,ols_2s_(peso_fracao)_(pais_status_sexo_modelo),LOSO_paises_case,Estudo_CL,15,0.3333333333333333,0.3333333333333333
0.11438450183158098,0.12843633601391755,-0.7251423836167048,2.8370992084484628,ols_(peso_fracao)_(pais_status_sexo_modelo),LOSO_paises_case,Estudo_CL,15,0.3333333333333333,0.3333333333333333
0.11934811229026478,0.13487909394988198,-0.9025602096312859,2.999132730667313,ols_(consumo_fracao)_(pais_status_sexo_modelo),LOSO_paises_case,Estudo_CL,15,0.3333333333333333,0.3333333333333333
0.1384115372810768,0.16328503489678026,-3.0247976215978323,0.38272918438927883,baseline_mediana_modelo,LOSO_paises_case,Estudo_CV,5,1.0,1.0
0.15817127424598898,0.17840933116304378,-3.804922764357265,0.4479093755672463,ols_2s_(sexo_modelo),LOSO_paises_case,Estudo_CV,5,1.0,1.0
0.1571677534677292,0.17752484400453022,-3.7573988174722706,0.44462833821694414,ols_(sexo_modelo),LOSO_paises_case,Estudo_CV,5,1.0,1.0
0.15774884705429645,0.17803685532758182,-3.7848806582740417,0.44652823867779246,ols_2s_(status_sexo_modelo),LOSO_paises_case,Estudo_CV,5,1.0,1.0
0.15592271211241318,0.1764292713781031,-3.6988606099837122,0.4405576449902407,ols_2s_(peso)_(sexo_modelo),LOSO_paises_case,Estudo_CV,5,1.0,1.0
0.15592271211241318,0.1764292713781031,-3.6988606099837122,0.4405576449902407,spl_2s_(peso)_(sexo_modelo),LOSO_paises_case,Estudo_CV,5,1.0,1.0
0.16145012021182348,0.1813079754583037,-3.962323782919766,0.45862965790359783,ols_2s_(peso)_(status_sexo_modelo),LOSO_paises_case,Estudo_CV,5,1.0,1.0
0.16145012021182348,0.1813079754583037,-3.962323782919766,0.45862965790359783,spl_2s_(peso)_(status_sexo_modelo),LOSO_paises_case,Estudo_CV,5,1.0,1.0
0.10572568234923094,0.13342545865440125,-1.6873775799996387,0.2766395915644401,ols_(consumo)_(pais_status_sexo),LOSO_paises_case,Estudo_CV,5,0.0,1.0
0.10992716415398356,0.13228761064707267,-1.6417372842257376,0.29725947045809364,ols_2s_(consumo)_(pais_status_sexo_modelo),LOSO_paises_case,Estudo_CV,5,1.0,1.0
0.11122050960740375,0.13404974048917676,-1.7125842513226952,0.30049540161226984,ols_(consumo)_(pais_status_sexo_modelo),LOSO_paises_case,Estudo_CV,5,1.0,1.0
0.13006974636578011,0.15419804100317863,-2.5892936736242143,0.3560311845421735,ols_2s_(fracao)_(sexo_modelo),LOSO_paises_case,Estudo_CV,5,1.0,1.0
0.1279635090201153,0.1524375699531176,-2.5078039661836065,0.34914486020055113,ols_(fracao)_(sexo_modelo),LOSO_paises_case,Estudo_CV,5,1.0,1.0
0.13604274443088044,0.15923644794482514,-2.827685469405043,0.37555987498945365,ols_2s_(fracao)_(status_sexo_modelo),LOSO_paises_case,Estudo_CV,5,1.0,1.0
0.10620990633703435,0.13380948140191137,-1.7028693653680858,0.27822264243057454,ols_(peso_consumo)_(pais_status_sexo),LOSO_paises_case,Estudo_CV,5,0.0,1.0
0.11003217710157742,0.13243008798973707,-1.6474307939401287,0.2975222279115058,ols_2s_(peso_consumo)_(pais_status_sexo_modelo),LOSO_paises_case,Estudo_CV,5,1.0,1.0
0.11003217710157742,0.13243008798973707,-1.6474307939401287,0.2975222279115058,spl_2s_(peso_consumo)_(pais_status_sexo_modelo),LOSO_paises_case,Estudo_CV,5,1.0,1.0
0.11149575214239507,0.1344267882342643,-1.7278653279219425,0.30118399661332773,ols_(peso_consumo)_(pais_status_sexo_modelo),LOSO_paises_case,Estudo_CV,5,1.0,1.0
0.11044625370129886,0.13299292908683435,-1.6699823058460965,0.2985582784032666,ols_2s_(peso_fracao)_(pais_status_sexo_modelo),LOSO_paises_case,Estudo_CV,5,1.0,1.0
0.11393744355913785,0.1378017674666277,-1.8665588141175697,0.30729165809716524,ols_(peso_fracao)_(pais_status_sexo_modelo),LOSO_paises_case,Estudo_CV,5,1.0,1.0
0.11001728714988564,0.1324098790267059,-1.646622854450876,0.29748497186560174,ols_(consumo_fracao)_(pais_status_sexo_modelo),LOSO_paises_case,Estudo_CV,5,1.0,1.0
0.05738067388768231,0.06920273925652794,0.406899583737357,0.5244657617292362,baseline_mediana_modelo,LOSO_paises_case,Estudo_BW,10,0.5,0.5
0.0630837215907443,0.07889863687730647,0.2290598608832567,0.5138419428171531,ols_2s_(sexo_modelo),LOSO_paises_case,Estudo_BW,10,0.5,0.5
0.06305428191132512,0.07869883659417082,0.23295952325520253,0.516927360351558,ols_(sexo_modelo),LOSO_paises_case,Estudo_BW,10,0.5,0.5
0.0628845460373825,0.07777264754301852,0.2509075415040015,0.5348447058168778,ols_2s_(status_sexo_modelo),LOSO_paises_case,Estudo_BW,10,0.5,0.5
0.0632028354300625,0.07981948626489328,0.21095910210659852,0.501425794183794,ols_2s_(peso)_(sexo_modelo),LOSO_paises_case,Estudo_BW,10,0.5,0.5
0.0632028354300625,0.07981948626489328,0.21095910210659852,0.501425794183794,spl_2s_(peso)_(sexo_modelo),LOSO_paises_case,Estudo_BW,10,0.5,0.5
0.06280450470586975,0.07747459652834818,0.25663808959989776,0.5433692882456206,ols_2s_(peso)_(status_sexo_modelo),LOSO_paises_case,Estudo_BW,10,0.5,0.5
0.06280450470586975,0.07747459652834818,0.25663808959989776,0.5433692882456206,spl_2s_(peso)_(status_sexo_modelo),LOSO_paises_case,Estudo_BW,10,0.5,0.5
0.07851298223765885,0.09294727455398756,-0.06992904475797213,0.7643311732478931,ols_(consumo)_(pais_status_sexo),LOSO_paises_case,Estudo_BW,10,0.0,0.5
0.06505962052424125,0.07779435951085956,0.2504892314129957,0.6297055636995705,ols_2s_(consumo)_(pais_status_sexo_modelo),LOSO_paises_case,Estudo_BW,10,0.5,0.5
0.06648714667579207,0.07986520242786564,0.21005500577714398,0.6675182670889188,ols_(consumo)_(pais_status_sexo_modelo),LOSO_paises_case,Estudo_BW,10,0.5,0.5
0.06561832964732092,0.07825986928635757,0.24149247411138797,0.6358953874408302,ols_2s_(fracao)_(sexo_modelo),LOSO_paises_case,Estudo_BW,10,0.5,0.5
0.0659434544184094,0.078680836322238,0.23331036346522227,0.6447271167037714,ols_(fracao)_(sexo_modelo),LOSO_paises_case,Estudo_BW,10,0.5,0.5
0.0667716647959696,0.07986468824602908,0.21006517726730667,0.6645630803480583,ols_2s_(fracao)_(status_sexo_modelo),LOSO_paises_case,Estudo_BW,10,0.5,0.5
0.07846020507867245,0.09291132533193393,-0.06910157178890763,0.7635764235845983,ols_(peso_consumo)_(pais_status_sexo),LOSO_paises_case,Estudo_BW,10,0.0,0.5
0.06506368954119349,0.07779917427780744,0.25039645267243094,0.6298264235873458,ols_2s_(peso_consumo)_(pais_status_sexo_modelo),LOSO_paises_case,Estudo_BW,10,0.5,0.5
0.06506368954119349,0.07779917427780744,0.25039645267243094,0.6298264235873458,spl_2s_(peso_consumo)_(pais_status_sexo_modelo),LOSO_paises_case,Estudo_BW,10,0.5,0.5
0.06646776397812068,0.0798280382792162,0.21079001430944821,0.6669469185283582,ols_(peso_consumo)_(pais_status_sexo_modelo),LOSO_paises_case,Estudo_BW,10,0.5,0.5
0.06510599725765924,0.07783913357120248,0.24962623060355527,0.6305671226491649,ols_2s_(peso_fracao)_(pais_status_sexo_modelo),LOSO_paises_case,Estudo_BW,10,0.5,0.5
0.06600461212453759,0.07899953204416775,0.2270868516645943,0.653166127151029,ols_(peso_fracao)_(pais_status_sexo_modelo),LOSO_paises_case,Estudo_BW,10,0.5,0.5
0.06664622057731334,0.08017873306466458,0.2038405820145529,0.6722160357452297,ols_(consumo_fracao)_(pais_status_sexo_modelo),LOSO_paises_case,Estudo_BW,10,0.5,0.5
0.08172099025312471,0.09940787666903113,-0.13920684975262776,3.9767686589802667,baseline_mediana_modelo,LOSO_paises_case,Estudo_CO,20,0.5,0.5
0.0785323055479856,0.09395103680132155,-0.01756965402856947,3.491613764982141,ols_2s_(sexo_modelo),LOSO_paises_case,Estudo_CO,20,0.5,0.5
0.07903863725038443,0.09433028258396006,-0.025801343626655537,3.5165106510561848,ols_(sexo_modelo),LOSO_paises_case,Estudo_CO,20,0.5,0.5
0.07190172050936867,0.091421594529959,0.036484786847526984,2.2913665929758666,ols_2s_(status_sexo_modelo),LOSO_paises_case,Estudo_CO,20,0.5,0.5
0.07210640339410944,0.08893381278578291,0.08821001760988378,3.0407641586941865,ols_2s_(peso)_(sexo_modelo),LOSO_paises_case,Estudo_CO,20,0.5,0.5
0.07210640339410944,0.08893381278578291,0.08821001760988378,3.0407641586941865,spl_2s_(peso)_(sexo_modelo),LOSO_paises_case,Estudo_CO,20,0.5,0.5
0.07421156021370066,0.09672474746602733,-0.07853986396142298,2.001827712691752,ols_2s_(peso)_(status_sexo_modelo),LOSO_paises_case,Estudo_CO,20,0.5,0.5
0.07421156021370066,0.09672474746602733,-0.07853986396142298,2.001827712691752,spl_2s_(peso)_(status_sexo_modelo),LOSO_paises_case,Estudo_CO,20,0.5,0.5
0.09773108235719577,0.12606882443755404,-0.8322148510293657,1.3041446874116296,ols_(consumo)_(pais_status_sexo),LOSO_paises_case,Estudo_CO,20,0.25,0.5
0.10138654906415408,0.12906976691686414,-0.9204811297483753,1.2012619249305971,ols_2s_(consumo)_(pais_status_sexo_modelo),LOSO_paises_case,Estudo_CO,20,0.5,0.5
0.09608948789064145,0.12366399451812089,-0.7629806031490693,1.284127160675541,ols_(consumo)_(pais_status_sexo_modelo),LOSO_paises_case,Estudo_CO,20,0.5,0.5
0.0692791731471463,0.08798502470792424,0.10756105662577453,2.7505738544557423,ols_2s_(fracao)_(sexo_modelo),LOSO_paises_case,Estudo_CO,20,0.5,0.5
0.06927704791554001,0.08798385433552587,0.10758479882424932,2.7503593754840425,ols_(fracao)_(sexo_modelo),LOSO_paises_case,Estudo_CO,20,0.5,0.5
0.07601303994621325,0.0992882138302344,-0.1364658460871222,1.8963953259767024,ols_2s_(fracao)_(status_sexo_modelo),LOSO_paises_case,Estudo_CO,20,0.5,0.5
0.09791337810415349,0.1262738427691761,-0.8381789436165359,1.3000512322064914,ols_(peso_consumo)_(pais_status_sexo),LOSO_paises_case,Estudo_CO,20,0.25,0.5
0.10188773974695012,0.12959355276273998,-0.9360999993143351,1.1932904185723057,ols_2s_(peso_consumo)_(pais_status_sexo_modelo),LOSO_paises_case,Estudo_CO,20,0.5,0.5
0.10188773974695012,0.12959355276273998,-0.9360999993143351,1.1932904185723057,spl_2s_(peso_consumo)_(pais_status_sexo_modelo),LOSO_paises_case,Estudo_CO,20,0.5,0.5
0.09630481103881867,0.1238799045658937,-0.769142097766822,1.2806959742085309,ols_(peso_consumo)_(pais_status_sexo_modelo),LOSO_paises_case,Estudo_CO,20,0.5,0.5
0.08671960884817893,0.11304108008200298,-0.4731046132454466,1.5011835433229859,ols_2s_(peso_fracao)_(pais_status_sexo_modelo),LOSO_paises_case,Estudo_CO,20,0.5,0.5
0.08084070050222705,0.10625981362531507,-0.30166459522108235,1.6682698984251996,ols_(peso_fracao)_(pais_status_sexo_modelo),LOSO_paises_case,Estudo_CO,20,0.5,0.5
0.09508928597341372,0.12256170380958517,-0.731691687160464,1.304152543189773,ols_(consumo_fracao)_(pais_status_sexo_modelo),LOSO_paises_case,Estudo_CO,20,0.5,0.5
0.081484583850198,0.10035987318485202,0.2131033621359113,9.020874017724802,baseline_mediana_modelo,LOSO_paises_case,Estudo_A,10,0.5,0.5
0.08483901081696035,0.10574333894711835,0.12641831339703435,10.375088744160626,ols_2s_(sexo_modelo),LOSO_paises_case,Estudo_A,10,0.5,0.5
0.08586696538076136,0.10666045958819591,0.11119930946797241,10.67600365235882,ols_(sexo_modelo),LOSO_paises_case,Estudo_A,10,0.5,0.5
0.08973554466200277,0.1091359285359677,0.06946443261675062,11.253287042282832,ols_2s_(status_sexo_modelo),LOSO_paises_case,Estudo_A,10,0.5,0.5
0.08320106723448178,0.1048057635389601,0.14184089525818222,9.82390848745088,ols_2s_(peso)_(sexo_modelo),LOSO_paises_case,Estudo_A,10,0.5,0.5
0.08320106723448178,0.1048057635389601,0.14184089525818222,9.82390848745088,spl_2s_(peso)_(sexo_modelo),LOSO_paises_case,Estudo_A,10,0.5,0.5
0.08532681022704842,0.10614347476418633,0.11979448854852215,10.517901914025582,ols_2s_(peso)_(status_sexo_modelo),LOSO_paises_case,Estudo_A,10,0.5,0.5
0.08532681022704842,0.10614347476418633,0.11979448854852215,10.517901914025582,spl_2s_(peso)_(status_sexo_modelo),LOSO_paises_case,Estudo_A,10,0.5,0.5
0.09554324905284557,0.11925379405594798,-0.1110712040033397,7.909741665552187,ols_(consumo)_(pais_status_sexo),LOSO_paises_case,Estudo_A,10,0.0,0.5
0.08932505307506847,0.10892150844035975,0.07311729970507874,8.211275808128239,ols_2s_(consumo)_(pais_status_sexo_modelo),LOSO_paises_case,Estudo_A,10,0.5,0.5
0.09167383890824951,0.11216004397657345,0.01718036620308261,7.63935076471463,ols_(consumo)_(pais_status_sexo_modelo),LOSO_paises_case,Estudo_A,10,0.5,0.5
0.08520807220641391,0.10555791522153396,0.1294793241806811,9.099591207797953,ols_2s_(fracao)_(sexo_modelo),LOSO_paises_case,Estudo_A,10,0.5,0.5
0.08425503121661052,0.10525544083936211,0.1344611002533721,9.335261040150096,ols_(fracao)_(sexo_modelo),LOSO_paises_case,Estudo_A,10,0.5,0.5
0.0835032915301184,0.10514547742746054,0.13626866273918603,9.810341109938685,ols_2s_(fracao)_(status_sexo_modelo),LOSO_paises_case,Estudo_A,10,0.5,0.5
0.09549374187000718,0.11918178188910213,-0.10972975423088638,7.9219800779246885,ols_(peso_consumo)_(pais_status_sexo),LOSO_paises_case,Estudo_A,10,0.0,0.5
0.0893120962433079,0.10890658605346593,0.07337125055471194,8.214182330367514,ols_2s_(peso_consumo)_(pais_status_sexo_modelo),LOSO_paises_case,Estudo_A,10,0.5,0.5
0.0893120962433079,0.10890658605346593,0.07337125055471194,8.214182330367514,spl_2s_(peso_consumo)_(pais_status_sexo_modelo),LOSO_paises_case,Estudo_A,10,0.5,0.5
0.09161920303231065,0.11207567035631734,0.01865848367453038,7.6515901719410895,ols_(peso_consumo)_(pais_status_sexo_modelo),LOSO_paises_case,Estudo_A,10,0.5,0.5
0.08703293300180588,0.10673127173994175,0.11001876361385454,8.737481742000671,ols_2s_(peso_fracao)_(pais_status_sexo_modelo),LOSO_paises_case,Estudo_A,10,0.5,0.5
0.0889974689019018,0.10856898698806082,0.0791072513323019,8.246843777457673,ols_(peso_fracao)_(pais_status_sexo_modelo),LOSO_paises_case,Estudo_A,10,0.5,0.5
0.09153536740138671,0.11194353039294785,0.02097117093200085,7.6722054014122465,ols_(consumo_fracao)_(pais_status_sexo_modelo),LOSO_paises_case,Estudo_A,10,0.5,0.5
0.10862446135604412,0.12975465237011882,-2.9375431457987755,6.338971923966236,baseline_mediana_modelo,LOSO_paises_case,Estudo_BN,5,0.0,0.0
0.06811621306273345,0.08169998679264598,-0.5610737511864017,4.146273584736181,ols_2s_(sexo_modelo),LOSO_paises_case,Estudo_BN,5,0.0,0.0
0.06892052790962436,0.08431339339316697,-0.6625418503319529,4.2891984065253865,ols_(sexo_modelo),LOSO_paises_case,Estudo_BN,5,0.0,0.0
0.07452538409353973,0.09362223372260192,-1.0499225177325804,4.771427628027004,ols_2s_(status_sexo_modelo),LOSO_paises_case,Estudo_BN,5,0.0,0.0
0.06795602512412371,0.08119621643560464,-0.5418816281272738,4.117795352088616,ols_2s_(peso)_(sexo_modelo),LOSO_paises_case,Estudo_BN,5,0.0,0.0
0.06795602512412371,0.08119621643560464,-0.5418816281272738,4.117795352088616,spl_2s_(peso)_(sexo_modelo),LOSO_paises_case,Estudo_BN,5,0.0,0.0
0.07735065806692304,0.09696612415234504,-1.1989711019631173,4.93832224340272,ols_2s_(peso)_(status_sexo_modelo),LOSO_paises_case,Estudo_BN,5,0.0,0.0
0.07735065806692304,0.09696612415234504,-1.1989711019631173,4.93832224340272,spl_2s_(peso)_(status_sexo_modelo),LOSO_paises_case,Estudo_BN,5,0.0,0.0
0.06630290890081458,0.07092814836977633,-0.17656708194581383,3.419030957617818,ols_(consumo)_(pais_status_sexo),LOSO_paises_case,Estudo_BN,5,0.0,0.0
0.06410304743221694,0.07110276266394297,-0.18236727052975188,3.4313545521145294,ols_2s_(consumo)_(pais_status_sexo_modelo),LOSO_paises_case,Estudo_BN,5,0.0,0.0
0.0643619356322273,0.07164169055440675,-0.20035885241235918,3.477572564256273,ols_(consumo)_(pais_status_sexo_modelo),LOSO_paises_case,Estudo_BN,5,0.0,0.0
0.07689473637443962,0.09641933441692463,-1.1742411304276832,4.911388847428933,ols_2s_(fracao)_(sexo_modelo),LOSO_paises_case,Estudo_BN,5,0.0,0.0
0.08029336808200462,0.10055724928004996,-1.3648642622423326,5.112172363386668,ols_(fracao)_(sexo_modelo),LOSO_paises_case,Estudo_BN,5,0.0,0.0
0.08915924376981288,0.11130706428138055,-1.8975097462847845,5.610854498013405,ols_2s_(fracao)_(status_sexo_modelo),LOSO_paises_case,Estudo_BN,5,0.0,0.0
0.06636851389217598,0.07105586493740955,-0.18080806107113045,3.429921586108178,ols_(peso_consumo)_(pais_status_sexo),LOSO_paises_case,Estudo_BN,5,0.0,0.0
0.06422887430878994,0.07136187002558858,-0.19100036043125312,3.453819642556025,ols_2s_(peso_consumo)_(pais_status_sexo_modelo),LOSO_paises_case,Estudo_BN,5,0.0,0.0
0.06422887430878994,0.07136187002558858,-0.19100036043125312,3.453819642556025,spl_2s_(peso_consumo)_(pais_status_sexo_modelo),LOSO_paises_case,Estudo_BN,5,0.0,0.0
0.06442347088815174,0.07177309758034084,-0.20476634885630118,3.488555968363614,ols_(peso_consumo)_(pais_status_sexo_modelo),LOSO_paises_case,Estudo_BN,5,0.0,0.0
0.06460444095401749,0.07216680706079022,-0.21802003042067186,3.5208525084436744,ols_2s_(peso_fracao)_(pais_status_sexo_modelo),LOSO_paises_case,Estudo_BN,5,0.0,0.0
0.0646990329291681,0.07237685840281621,-0.22512077634172067,3.537730895447183,ols_(peso_fracao)_(pais_status_sexo_modelo),LOSO_paises_case,Estudo_BN,5,0.0,0.0
0.06552001826745898,0.07431856922979559,-0.2917370872200902,3.6841431554580177,ols_(consumo_fracao)_(pais_status_sexo_modelo),LOSO_paises_case,Estudo_BN,5,0.0,0.0
0.08600216089516377,0.1003204310658908,-3.867454811429571,0.2948056165030267,baseline_mediana_modelo,LOSO_paises_case,Estudo_P,5,0.0,0.0
0.10547540439566849,0.11612157682500986,-5.521522517233265,0.3659931857245433,ols_2s_(sexo_modelo),LOSO_paises_case,Estudo_P,5,0.0,0.0
0.10449845165308827,0.11524407246297444,-5.42333160087498,0.3623311113557202,ols_(sexo_modelo),LOSO_paises_case,Estudo_P,5,0.0,0.0
0.10484786892592046,0.11555773610582291,-5.458344376342725,0.36364088973671144,ols_2s_(status_sexo_modelo),LOSO_paises_case,Estudo_P,5,0.0,0.0
0.10012511338276546,0.11133639405033804,-4.995114081390609,0.3459378499022658,ols_2s_(peso)_(sexo_modelo),LOSO_paises_case,Estudo_P,5,0.0,0.0
0.10012511338276546,0.11133639405033804,-4.995114081390609,0.3459378499022658,spl_2s_(peso)_(sexo_modelo),LOSO_paises_case,Estudo_P,5,0.0,0.0
0.10582055185473786,0.11643197206008254,-5.55643342697745,0.3672869602976204,ols_2s_(peso)_(status_sexo_modelo),LOSO_paises_case,Estudo_P,5,0.0,0.0
0.10582055185473786,0.11643197206008254,-5.55643342697745,0.3672869602976204,spl_2s_(peso)_(status_sexo_modelo),LOSO_paises_case,Estudo_P,5,0.0,0.0
0.05322618687998493,0.06885599878194405,-1.2930140386110818,0.1720438547587012,ols_(consumo)_(pais_status_sexo),LOSO_paises_case,Estudo_P,5,0.0,0.0
0.06439525379627624,0.08111134027764404,-2.1818983726484964,0.21210093627280863,ols_2s_(consumo)_(pais_status_sexo_modelo),LOSO_paises_case,Estudo_P,5,0.0,0.0
0.056838658523597464,0.07141235758365741,-1.4664362289002755,0.18731183089097284,ols_(consumo)_(pais_status_sexo_modelo),LOSO_paises_case,Estudo_P,5,0.0,0.0
0.0645878430949675,0.08137103498524524,-2.202305999626607,0.21273263661654213,ols_2s_(fracao)_(sexo_modelo),LOSO_paises_case,Estudo_P,5,0.0,0.0
0.06316966862029808,0.07947178208384202,-2.0545627597320952,0.20808087286765878,ols_(fracao)_(sexo_modelo),LOSO_paises_case,Estudo_P,5,0.0,0.0
0.07214369987310618,0.08739321812791598,-2.6938445333889898,0.24105255181378427,ols_2s_(fracao)_(status_sexo_modelo),LOSO_paises_case,Estudo_P,5,0.0,0.0
0.054031489463365,0.06986949469770273,-1.3610128670658836,0.17462107455188175,ols_(peso_consumo)_(pais_status_sexo),LOSO_paises_case,Estudo_P,5,0.0,0.0
0.06483132602043182,0.08156335077457937,-2.2174608215847473,0.2136433724033761,ols_2s_(peso_consumo)_(pais_status_sexo_modelo),LOSO_paises_case,Estudo_P,5,0.0,0.0
0.06483132602043182,0.08156335077457937,-2.2174608215847473,0.2136433724033761,spl_2s_(peso_consumo)_(pais_status_sexo_modelo),LOSO_paises_case,Estudo_P,5,0.0,0.0
0.057615878517656274,0.07236039797353373,-1.5323576537565966,0.18986174867089892,ols_(peso_consumo)_(pais_status_sexo_modelo),LOSO_paises_case,Estudo_P,5,0.0,0.0
0.07117959852090357,0.0866116534389001,-2.6280712554733903,0.23743877293458843,ols_2s_(peso_fracao)_(pais_status_sexo_modelo),LOSO_paises_case,Estudo_P,5,0.0,0.0
0.06376256952318617,0.08026209221376926,-2.1156172659449,0.210025678298461,ols_(peso_fracao)_(pais_status_sexo_modelo),LOSO_paises_case,Estudo_P,5,0.0,0.0
0.054098849209477703,0.06719185799452754,-1.1835163583234252,0.17943496449703825,ols_(consumo_fracao)_(pais_status_sexo_modelo),LOSO_paises_case,Estudo_P,5,0.0,0.0
0.2240632258119552,0.2475737334678933,-4.3000928050348115,0.5087051748665932,baseline_mediana_modelo,LOSO_paises_case,Estudo_CC,5,1.0,1.0
0.2443132700130315,0.26628541483862794,-5.131533444944762,0.558533338823018,ols_2s_(sexo_modelo),LOSO_paises_case,Estudo_CC,5,1.0,1.0
0.24320989205856253,0.26527245827325435,-5.0849731501993665,0.5556306200244312,ols_(sexo_modelo),LOSO_paises_case,Estudo_CC,5,1.0,1.0
0.23956958284020616,0.2619357881934005,-4.932858933982301,0.5460535725922745,ols_2s_(status_sexo_modelo),LOSO_paises_case,Estudo_CC,5,1.0,1.0
0.24767582319506287,0.26937690625604305,-5.274730302077761,0.5673791489106319,ols_2s_(peso)_(sexo_modelo),LOSO_paises_case,Estudo_CC,5,1.0,1.0
0.24767582319506287,0.26937690625604305,-5.274730302077761,0.5673791489106319,spl_2s_(peso)_(sexo_modelo),LOSO_paises_case,Estudo_CC,5,1.0,1.0
0.23655415083120584,0.2591782210219929,-4.808598407030299,0.5381201540170458,ols_2s_(peso)_(status_sexo_modelo),LOSO_paises_case,Estudo_CC,5,1.0,1.0
0.23655415083120584,0.2591782210219929,-4.808598407030299,0.5381201540170458,spl_2s_(peso)_(status_sexo_modelo),LOSO_paises_case,Estudo_CC,5,1.0,1.0
0.287024860233512,0.30650895315814314,-7.123827103594094,0.6674751192385836,ols_(consumo)_(pais_status_sexo),LOSO_paises_case,Estudo_CC,5,0.0,1.0
0.2982386686321993,0.31655146654282745,-7.664888968122872,0.7003406514916836,ols_2s_(consumo)_(pais_status_sexo_modelo),LOSO_paises_case,Estudo_CC,5,1.0,1.0
0.2865846552561636,0.3055783821644011,-7.074573586599886,0.669705020357531,ols_(consumo)_(pais_status_sexo_modelo),LOSO_paises_case,Estudo_CC,5,1.0,1.0
0.24732266974165568,0.2690519072278912,-5.259598707480919,0.5664501320713458,ols_2s_(fracao)_(sexo_modelo),LOSO_paises_case,Estudo_CC,5,1.0,1.0
0.24632403098981165,0.26813327894191863,-5.216927180530519,0.5638230581035596,ols_(fracao)_(sexo_modelo),LOSO_paises_case,Estudo_CC,5,1.0,1.0
0.24021326980366603,0.262525182747993,-4.959588606377367,0.5477470367678664,ols_2s_(fracao)_(status_sexo_modelo),LOSO_paises_case,Estudo_CC,5,1.0,1.0
0.2900069968031688,0.3093032915583455,-7.272626668484575,0.6753694086064997,ols_(peso_consumo)_(pais_status_sexo),LOSO_paises_case,Estudo_CC,5,0.0,1.0
0.3010193970825292,0.319177239273402,-7.809234484364854,0.7076494569295084,ols_2s_(peso_consumo)_(pais_status_sexo_modelo),LOSO_paises_case,Estudo_CC,5,1.0,1.0
0.3010193970825292,0.319177239273402,-7.809234484364854,0.7076494569295084,spl_2s_(peso_consumo)_(pais_status_sexo_modelo),LOSO_paises_case,Estudo_CC,5,1.0,1.0
0.28956667591606783,0.3083811625404392,-7.223373666935949,0.6775447034076489,ols_(peso_consumo)_(pais_status_sexo_modelo),LOSO_paises_case,Estudo_CC,5,1.0,1.0
0.31395735873686875,0.33142953041065126,-8.49853757863023,0.7416492783316203,ols_2s_(peso_fracao)_(pais_status_sexo_modelo),LOSO_paises_case,Estudo_CC,5,1.0,1.0
0.3024256163969309,0.32050615148442185,-7.88274267091294,0.7113453663434843,ols_(peso_fracao)_(pais_status_sexo_modelo),LOSO_paises_case,Estudo_CC,5,1.0,1.0
0.28335677517294877,0.3025485706096202,-6.915248482113845,0.6612184924566161,ols_(consumo_fracao)_(pais_status_sexo_modelo),LOSO_paises_case,Estudo_CC,5,1.0,1.0
0.11875098867453329,0.13402840597594703,-6.229546459987709,12.588098986620594,baseline_mediana_modelo,LOSO_paises_case,Estudo_CK,10,0.0,0.0
0.06729267904661848,0.08050784669638578,-1.6085175917745906,8.619367865736368,ols_2s_(sexo_modelo),LOSO_paises_case,Estudo_CK,10,0.0,0.0
0.0726021559485857,0.0855158725412075,-1.9431392508638137,9.085617586649295,ols_(sexo_modelo),LOSO_paises_case,Estudo_CK,10,0.0,0.0
0.07825745690140216,0.09105961095544254,-2.337097756777707,9.582328338546155,ols_2s_(status_sexo_modelo),LOSO_paises_case,Estudo_CK,10,0.0,0.0
0.07089202687234412,0.08387532940504455,-1.8312995873285645,8.932494848226055,ols_2s_(peso)_(sexo_modelo),LOSO_paises_case,Estudo_CK,10,0.0,0.0
0.07089202687234412,0.08387532940504455,-1.8312995873285645,8.932494848226055,spl_2s_(peso)_(sexo_modelo),LOSO_paises_case,Estudo_CK,10,0.0,0.0
0.07693487040154146,0.08974108332527087,-2.2411562186159215,9.463653798207313,ols_2s_(peso)_(status_sexo_modelo),LOSO_paises_case,Estudo_CK,10,0.0,0.0
0.07693487040154146,0.08974108332527087,-2.2411562186159215,9.463653798207313,spl_2s_(peso)_(status_sexo_modelo),LOSO_paises_case,Estudo_CK,10,0.0,0.0
0.07014904982466365,0.08322986414894945,-1.7878905488704668,9.029934351777204,ols_(consumo)_(pais_status_sexo),LOSO_paises_case,Estudo_CK,10,0.0,0.0
0.066164908933768,0.07946107193672007,-1.5411259247625964,8.513143546019661,ols_2s_(consumo)_(pais_status_sexo_modelo),LOSO_paises_case,Estudo_CK,10,0.0,0.0
0.07402504874810562,0.08687789414882784,-2.037637313382819,9.202736117755185,ols_(consumo)_(pais_status_sexo_modelo),LOSO_paises_case,Estudo_CK,10,0.0,0.0
0.09679543044135816,0.1102967980209213,-3.8960197121129205,11.189137159345458,ols_2s_(fracao)_(sexo_modelo),LOSO_paises_case,Estudo_CK,10,0.0,0.0
0.10571434396217036,0.11983582806617013,-4.7795058873475185,11.958062064635955,ols_(fracao)_(sexo_modelo),LOSO_paises_case,Estudo_CK,10,0.0,0.0
0.10300967517012424,0.11704434622229166,-4.513383831697778,11.737157617051036,ols_2s_(fracao)_(status_sexo_modelo),LOSO_paises_case,Estudo_CK,10,0.0,0.0
0.07026589469351667,0.08334656530935186,-1.7957141386611348,9.040156329578297,ols_(peso_consumo)_(pais_status_sexo),LOSO_paises_case,Estudo_CK,10,0.0,0.0
0.06628685253081247,0.07957228873237202,-1.5482442194414365,8.523697696538132,ols_2s_(peso_consumo)_(pais_status_sexo_modelo),LOSO_paises_case,Estudo_CK,10,0.0,0.0
0.06628685253081247,0.07957228873237202,-1.5482442194414365,8.523697696538132,spl_2s_(peso_consumo)_(pais_status_sexo_modelo),LOSO_paises_case,Estudo_CK,10,0.0,0.0
0.07414308839897409,0.08699234495336929,-2.045646002756028,9.212952822100712,ols_(peso_consumo)_(pais_status_sexo_modelo),LOSO_paises_case,Estudo_CK,10,0.0,0.0
0.07874801081387992,0.09150628976612842,-2.369917287231363,9.602492031366006,ols_2s_(peso_fracao)_(pais_status_sexo_modelo),LOSO_paises_case,Estudo_CK,10,0.0,0.0
0.0860405079306512,0.09892957729416522,-2.938851928916018,10.242702948875614,ols_(peso_fracao)_(pais_status_sexo_modelo),LOSO_paises_case,Estudo_CK,10,0.0,0.0
0.07930986312659213,0.09208418092658412,-2.412615877319468,9.660121234142135,ols_(consumo_fracao)_(pais_status_sexo_modelo),LOSO_paises_case,Estudo_CK,10,0.0,0.0
0.09794565902486112,0.1111946515166371,-2.1492619447423067,2.6493337158269132,baseline_mediana_modelo,LOSO_paises_case,Estudo_CJ,10,0.0,0.0
0.06265219987262631,0.06946939746084167,-0.22921557144232785,1.5973491585121,ols_2s_(sexo_modelo),LOSO_paises_case,Estudo_CJ,10,0.0,0.0
0.06453467504158124,0.07134132226031747,-0.29635306214648827,1.6691462236942862,ols_(sexo_modelo),LOSO_paises_case,Estudo_CJ,10,0.0,0.0
0.07031057467651802,0.0785243409492336,-0.5705421238534065,1.8895905617426052,ols_2s_(status_sexo_modelo),LOSO_paises_case,Estudo_CJ,10,0.0,0.0
0.06191382939094429,0.06880634739803672,-0.20586307491502853,1.5691950830744692,ols_2s_(peso)_(sexo_modelo),LOSO_paises_case,Estudo_CJ,10,0.0,0.0
0.06191382939094429,0.06880634739803672,-0.20586307491502853,1.5691950830744692,spl_2s_(peso)_(sexo_modelo),LOSO_paises_case,Estudo_CJ,10,0.0,0.0
0.07186103694335239,0.08077034799147673,-0.661670451193549,1.9488025124719575,ols_2s_(peso)_(status_sexo_modelo),LOSO_paises_case,Estudo_CJ,10,0.0,0.0
0.07186103694335239,0.08077034799147673,-0.661670451193549,1.9488025124719575,spl_2s_(peso)_(status_sexo_modelo),LOSO_paises_case,Estudo_CJ,10,0.0,0.0
0.052281494850887775,0.06226528315638838,0.012509505345761118,1.289876008789291,ols_(consumo)_(pais_status_sexo),LOSO_paises_case,Estudo_CJ,10,0.5,0.0
0.05283469230257696,0.06395987172379611,-0.04197226025593981,1.2293094980605945,ols_2s_(consumo)_(pais_status_sexo_modelo),LOSO_paises_case,Estudo_CJ,10,0.0,0.0
0.053678348058719495,0.06408044613374102,-0.04590452616296381,1.2616019864731411,ols_(consumo)_(pais_status_sexo_modelo),LOSO_paises_case,Estudo_CJ,10,0.0,0.0
0.06999432466850747,0.07827336648593378,-0.5605188353323434,1.8833995486157793,ols_2s_(fracao)_(sexo_modelo),LOSO_paises_case,Estudo_CJ,10,0.0,0.0
0.07233826184251699,0.08175651241431882,-0.7024944427777686,1.973299427875817,ols_(fracao)_(sexo_modelo),LOSO_paises_case,Estudo_CJ,10,0.0,0.0
0.07909413231002918,0.09162893848559914,-1.1384854499210308,2.206259073014549,ols_2s_(fracao)_(status_sexo_modelo),LOSO_paises_case,Estudo_CJ,10,0.0,0.0
0.05233874354531789,0.06227278692877938,0.012271480236770493,1.292141165836387,ols_(peso_consumo)_(pais_status_sexo),LOSO_paises_case,Estudo_CJ,10,0.5,0.0
0.052981182373542365,0.06397577950646491,-0.042490633076287976,1.234917405757912,ols_2s_(peso_consumo)_(pais_status_sexo_modelo),LOSO_paises_case,Estudo_CJ,10,0.0,0.0
0.052981182373542365,0.06397577950646491,-0.042490633076287976,1.234917405757912,spl_2s_(peso_consumo)_(pais_status_sexo_modelo),LOSO_paises_case,Estudo_CJ,10,0.0,0.0
0.053736834160927296,0.0640913025094184,-0.04625894611449022,1.2638417284816181,ols_(peso_consumo)_(pais_status_sexo_modelo),LOSO_paises_case,Estudo_CJ,10,0.0,0.0
0.05303261157462995,0.06387270006819998,-0.03913396344178732,1.2384916244965989,ols_2s_(peso_fracao)_(pais_status_sexo_modelo),LOSO_paises_case,Estudo_CJ,10,0.0,0.0
0.05364756600877204,0.06399839713710763,-0.043227875707888996,1.2616197053219933,ols_(peso_fracao)_(pais_status_sexo_modelo),LOSO_paises_case,Estudo_CJ,10,0.0,0.0
0.0557869013209194,0.06466575471875347,-0.0650982970153462,1.3426420075299088,ols_(consumo_fracao)_(pais_status_sexo_modelo),LOSO_paises_case,Estudo_CJ,10,0.0,0.0
0.11710485059161957,0.1289280668170345,-0.9690253338372099,1.97602312070997,baseline_mediana_modelo,LOSO_paises_case,Estudo_AJ,10,0.0,0.0
0.07561160264684122,0.09760167391934692,-0.1284203107353954,1.1672463327798406,ols_2s_(sexo_modelo),LOSO_paises_case,Estudo_AJ,10,0.0,0.0
0.07635799631977933,0.09829217110674773,-0.14444313490696126,1.1988964141066658,ols_(sexo_modelo),LOSO_paises_case,Estudo_AJ,10,0.0,0.0
0.08072052813179667,0.10152682616720919,-0.2210065175007918,1.3285015259025408,ols_2s_(status_sexo_modelo),LOSO_paises_case,Estudo_AJ,10,0.0,0.0
0.07408122880239079,0.09626952974935292,-0.09782739309997979,1.0922621511524317,ols_2s_(peso)_(sexo_modelo),LOSO_paises_case,Estudo_AJ,10,0.0,0.0
0.07408122880239079,0.09626952974935292,-0.09782739309997979,1.0922621511524317,spl_2s_(peso)_(sexo_modelo),LOSO_paises_case,Estudo_AJ,10,0.0,0.0
0.07659434706939126,0.09843977462000877,-0.14788289334165494,1.2059164113587801,ols_2s_(peso)_(status_sexo_modelo),LOSO_paises_case,Estudo_AJ,10,0.0,0.0
0.07659434706939126,0.09843977462000877,-0.14788289334165494,1.2059164113587801,spl_2s_(peso)_(status_sexo_modelo),LOSO_paises_case,Estudo_AJ,10,0.0,0.0
0.0639836660399549,0.08862345312209469,0.0696342844291723,0.8458443897665024,ols_(consumo)_(pais_status_sexo),LOSO_paises_case,Estudo_AJ,10,0.0,0.0
0.06712793993519889,0.09251863826421154,-0.013946000027942995,0.8592916476241157,ols_2s_(consumo)_(pais_status_sexo_modelo),LOSO_paises_case,Estudo_AJ,10,0.0,0.0
0.06691497779234229,0.09247747672574415,-0.013043991654526854,0.8516301114140397,ols_(consumo)_(pais_status_sexo_modelo),LOSO_paises_case,Estudo_AJ,10,0.0,0.0
0.07012455198180971,0.09351243255398867,-0.03584570908960649,0.9705995053200362,ols_2s_(fracao)_(sexo_modelo),LOSO_paises_case,Estudo_AJ,10,0.0,0.0
0.07039596933810241,0.09356665952628052,-0.03704741161152847,0.9885094008279053,ols_(fracao)_(sexo_modelo),LOSO_paises_case,Estudo_AJ,10,0.0,0.0
0.07303578796172186,0.09525549831930448,-0.0748218064069166,1.1003054912570356,ols_2s_(fracao)_(status_sexo_modelo),LOSO_paises_case,Estudo_AJ,10,0.0,0.0
0.06432884147871669,0.08854497930562336,0.0712811853765476,0.8636779821963325,ols_(peso_consumo)_(pais_status_sexo),LOSO_paises_case,Estudo_AJ,10,0.0,0.0
0.06758130872099402,0.0925010777776403,-0.013561132812488275,0.8812270931009065,ols_2s_(peso_consumo)_(pais_status_sexo_modelo),LOSO_paises_case,Estudo_AJ,10,0.0,0.0
0.06758130872099402,0.0925010777776403,-0.013561132812488275,0.8812270931009065,spl_2s_(peso_consumo)_(pais_status_sexo_modelo),LOSO_paises_case,Estudo_AJ,10,0.0,0.0
0.06727962303425401,0.09244813829203473,-0.012401318204945833,0.869309432996886,ols_(peso_consumo)_(pais_status_sexo_modelo),LOSO_paises_case,Estudo_AJ,10,0.0,0.0
0.06629532565839844,0.09254750644096243,-0.01457885281324045,0.8233401345719493,ols_2s_(peso_fracao)_(pais_status_sexo_modelo),LOSO_paises_case,Estudo_AJ,10,0.0,0.0
0.06642565082674724,0.09261297739062091,-0.01601484907616424,0.8262207360073341,ols_(peso_fracao)_(pais_status_sexo_modelo),LOSO_paises_case,Estudo_AJ,10,0.0,0.0
0.06565670649900412,0.09283911888051127,-0.02098269774912409,0.789905227841402,ols_(consumo_fracao)_(pais_status_sexo_modelo),LOSO_paises_case,Estudo_AJ,10,0.0,0.0
0.12263763640181684,0.13497149248188764,-5.282291302627024,9.626306044367713,baseline_mediana_modelo,LOSO_paises_case,Estudo_BC,15,0.3333333333333333,0.3333333333333333
0.07411399627234223,0.08457640364792601,-1.4667912435229686,6.385112379568027,ols_2s_(sexo_modelo),LOSO_paises_case,Estudo_BC,15,0.3333333333333333,0.3333333333333333
0.07782437696331942,0.08821736029388019,-1.6837501795440275,6.646545552832775,ols_(sexo_modelo),LOSO_paises_case,Estudo_BC,15,0.3333333333333333,0.3333333333333333
0.055573064067052695,0.06557851343565568,-0.48305447992873396,4.782955805359594,ols_2s_(status_sexo_modelo),LOSO_paises_case,Estudo_BC,15,0.3333333333333333,0.3333333333333333
0.07521012586949585,0.08569053913703828,-1.532210004773971,6.485897432211241,ols_2s_(peso)_(sexo_modelo),LOSO_paises_case,Estudo_BC,15,0.3333333333333333,0.3333333333333333
0.07521012586949585,0.08569053913703828,-1.532210004773971,6.485897432211241,spl_2s_(peso)_(sexo_modelo),LOSO_paises_case,Estudo_BC,15,0.3333333333333333,0.3333333333333333
0.060927477172772915,0.07135955873872935,-0.7560556774420895,5.356735053160498,ols_2s_(peso)_(status_sexo_modelo),LOSO_paises_case,Estudo_BC,15,0.3333333333333333,0.3333333333333333
0.060927477172772915,0.07135955873872935,-0.7560556774420895,5.356735053160498,spl_2s_(peso)_(status_sexo_modelo),LOSO_paises_case,Estudo_BC,15,0.3333333333333333,0.3333333333333333
0.05163615397510794,0.06081381675366604,-0.2753767397874487,5.048028462652516,ols_(consumo)_(pais_status_sexo),LOSO_paises_case,Estudo_BC,15,0.0,0.3333333333333333
0.06457211023768993,0.0755226630950222,-0.9669284463058443,5.895207730694602,ols_2s_(consumo)_(pais_status_sexo_modelo),LOSO_paises_case,Estudo_BC,15,0.3333333333333333,0.3333333333333333
0.05525847427067131,0.065652333427533,-0.4863952292920388,4.904336360657554,ols_(consumo)_(pais_status_sexo_modelo),LOSO_paises_case,Estudo_BC,15,0.3333333333333333,0.3333333333333333
0.062129553148315336,0.07251019839767535,-0.8131434133119255,5.622409627913425,ols_2s_(fracao)_(sexo_modelo),LOSO_paises_case,Estudo_BC,15,0.3333333333333333,0.3333333333333333
0.06402906717272339,0.07479989085329862,-0.9294605266288174,5.830517009631319,ols_(fracao)_(sexo_modelo),LOSO_paises_case,Estudo_BC,15,0.3333333333333333,0.3333333333333333
0.05238362604576033,0.06311226937811433,-0.3736040519076236,4.574049397798337,ols_2s_(fracao)_(status_sexo_modelo),LOSO_paises_case,Estudo_BC,15,0.3333333333333333,0.3333333333333333
0.05285527859319174,0.061924718636660984,-0.32239760426407127,5.191334790030268,ols_(peso_consumo)_(pais_status_sexo),LOSO_paises_case,Estudo_BC,15,0.0,0.3333333333333333
0.06663705127497116,0.07815305514820431,-1.1063274613526901,6.122957038709659,ols_2s_(peso_consumo)_(pais_status_sexo_modelo),LOSO_paises_case,Estudo_BC,15,0.3333333333333333,0.3333333333333333
0.06663705127497116,0.07815305514820431,-1.1063274613526901,6.122957038709659,spl_2s_(peso_consumo)_(pais_status_sexo_modelo),LOSO_paises_case,Estudo_BC,15,0.3333333333333333,0.3333333333333333
0.0565369090440675,0.06679228859388613,-0.538461451703635,5.04501417844008,ols_(peso_consumo)_(pais_status_sexo_modelo),LOSO_paises_case,Estudo_BC,15,0.3333333333333333,0.3333333333333333
0.06005839792925432,0.07053880384021001,-0.7158927984078822,5.481488990998539,ols_2s_(peso_fracao)_(pais_status_sexo_modelo),LOSO_paises_case,Estudo_BC,15,0.3333333333333333,0.3333333333333333
0.05128083810101933,0.06273318469807747,-0.35715246729127825,4.469002603482793,ols_(peso_fracao)_(pais_status_sexo_modelo),LOSO_paises_case,Estudo_BC,15,0.3333333333333333,0.3333333333333333
0.05912250905506438,0.06938898052897437,-0.660408635717245,5.348759481912044,ols_(consumo_fracao)_(pais_status_sexo_modelo),LOSO_paises_case,Estudo_BC,15,0.3333333333333333,0.3333333333333333
0.07571290654258885,0.0879973163769123,0.32043744096570814,2.834146662830862,baseline_mediana_modelo,LOSO_paises_case,Estudo_M,5,1.0,1.0
0.08002571489950878,0.09548134252091435,0.19993067249816265,3.1000017148381724,ols_2s_(sexo_modelo),LOSO_paises_case,Estudo_M,5,1.0,1.0
0.07618050995896089,0.09440348239874995,0.21789219929143633,3.184622229509467,ols_(sexo_modelo),LOSO_paises_case,Estudo_M,5,1.0,1.0
0.06726574082115548,0.09343744959492854,0.23381695196062946,3.3812507042142848,ols_2s_(status_sexo_modelo),LOSO_paises_case,Estudo_M,5,1.0,1.0
0.07874233285133289,0.09507846387345091,0.20666813158228226,3.128231466978724,ols_2s_(peso)_(sexo_modelo),LOSO_paises_case,Estudo_M,5,1.0,1.0
0.07874233285133289,0.09507846387345091,0.20666813158228226,3.128231466978724,spl_2s_(peso)_(sexo_modelo),LOSO_paises_case,Estudo_M,5,1.0,1.0
0.06151899126407399,0.0942239176103992,0.22086466288411732,3.543831433944105,ols_2s_(peso)_(status_sexo_modelo),LOSO_paises_case,Estudo_M,5,1.0,1.0
0.06151899126407399,0.0942239176103992,0.22086466288411732,3.543831433944105,spl_2s_(peso)_(status_sexo_modelo),LOSO_paises_case,Estudo_M,5,1.0,1.0
0.10029690893736369,0.11299905013500136,-0.12057304932185264,3.1350687326379045,ols_(consumo)_(pais_status_sexo),LOSO_paises_case,Estudo_M,5,0.0,1.0
0.09755745105649619,0.10494136678784427,0.033539697520033496,2.7158174864039184,ols_2s_(consumo)_(pais_status_sexo_modelo),LOSO_paises_case,Estudo_M,5,1.0,1.0
0.09302400035869103,0.10183945118419298,0.08982964116136949,2.814888177793571,ols_(consumo)_(pais_status_sexo_modelo),LOSO_paises_case,Estudo_M,5,1.0,1.0
0.07620416853526621,0.09440891919709801,0.21780211183419096,3.1841012174810355,ols_2s_(fracao)_(sexo_modelo),LOSO_paises_case,Estudo_M,5,1.0,1.0
0.07214336328470826,0.09369673625116157,0.22955877322746676,3.2735928424236262,ols_(fracao)_(sexo_modelo),LOSO_paises_case,Estudo_M,5,1.0,1.0
0.06264241854648378,0.0937972404255319,0.2279050531158,3.483454860904749,ols_2s_(fracao)_(status_sexo_modelo),LOSO_paises_case,Estudo_M,5,1.0,1.0
0.10063670102141362,0.11318608082077125,-0.12428555823856846,3.1265759182923087,ols_(peso_consumo)_(pais_status_sexo),LOSO_paises_case,Estudo_M,5,0.0,1.0
0.09801799297056212,0.10527933298250185,0.0273046563331113,2.705764621186222,ols_2s_(peso_consumo)_(pais_status_sexo_modelo),LOSO_paises_case,Estudo_M,5,1.0,1.0
0.09801799297056212,0.10527933298250185,0.0273046563331113,2.705764621186222,spl_2s_(peso_consumo)_(pais_status_sexo_modelo),LOSO_paises_case,Estudo_M,5,1.0,1.0
0.0933799806846168,0.10206777660671876,0.08574383764643434,2.8071015660574443,ols_(peso_consumo)_(pais_status_sexo_modelo),LOSO_paises_case,Estudo_M,5,1.0,1.0
0.09902501955564338,0.1060324094109271,0.013339259762004119,2.6837904669775776,ols_2s_(peso_fracao)_(pais_status_sexo_modelo),LOSO_paises_case,Estudo_M,5,1.0,1.0
0.09422061618865284,0.10261750148599941,0.07586916772757091,2.7887186019983563,ols_(peso_fracao)_(pais_status_sexo_modelo),LOSO_paises_case,Estudo_M,5,1.0,1.0
0.08754738265195791,0.09867578732541694,0.14550054904503995,2.9348322971440193,ols_(consumo_fracao)_(pais_status_sexo_modelo),LOSO_paises_case,Estudo_M,5,1.0,1.0
0.1261559603540437,0.1364743752712053,0.04131268846219183,1.3089704468163788,baseline_mediana_modelo,LOSO_paises_case,Estudo_AI,10,1.0,1.0
0.13784529192933972,0.1659705177640739,-0.41787076261255063,0.9823299299963096,ols_2s_(sexo_modelo),LOSO_paises_case,Estudo_AI,10,1.0,1.0
0.13612545586842667,0.16359118235752088,-0.3775092762362726,1.0026272382715162,ols_(sexo_modelo),LOSO_paises_case,Estudo_AI,10,1.0,1.0
0.13300846768305968,0.1594736572475789,-0.30903921749069063,1.0394614060147673,ols_2s_(status_sexo_modelo),LOSO_paises_case,Estudo_AI,10,1.0,1.0
0.13204370930422696,0.1582542827680593,-0.28909728425582637,1.0513136952500872,ols_2s_(peso)_(sexo_modelo),LOSO_paises_case,Estudo_AI,10,1.0,1.0
0.13204370930422696,0.1582542827680593,-0.28909728425582637,1.0513136952500872,spl_2s_(peso)_(sexo_modelo),LOSO_paises_case,Estudo_AI,10,1.0,1.0
0.12992259238801962,0.1556640694962869,-0.24724424700817194,1.0763747040832856,ols_2s_(peso)_(status_sexo_modelo),LOSO_paises_case,Estudo_AI,10,1.0,1.0
0.12992259238801962,0.1556640694962869,-0.24724424700817194,1.0763747040832856,spl_2s_(peso)_(status_sexo_modelo),LOSO_paises_case,Estudo_AI,10,1.0,1.0
0.1347026998803766,0.16174926004694012,-0.34666432337981523,1.0911846274313475,ols_(consumo)_(pais_status_sexo),LOSO_paises_case,Estudo_AI,10,0.0,1.0
0.13660487499659466,0.16427853353267424,-0.38910918927319993,0.9877119034629341,ols_2s_(consumo)_(pais_status_sexo_modelo),LOSO_paises_case,Estudo_AI,10,1.0,1.0
0.13290766130245207,0.15932466785366614,-0.30659440174463515,1.0308020275035406,ols_(consumo)_(pais_status_sexo_modelo),LOSO_paises_case,Estudo_AI,10,1.0,1.0
0.12593725982658172,0.1478932624029093,-0.12582665811163496,1.163384388453355,ols_2s_(fracao)_(sexo_modelo),LOSO_paises_case,Estudo_AI,10,1.0,1.0
0.12521210662207688,0.1453498981590523,-0.087437268880862,1.206400608729179,ols_(fracao)_(sexo_modelo),LOSO_paises_case,Estudo_AI,10,1.0,1.0
0.12535250797142522,0.14557002172190803,-0.09073347789248842,1.2058536236475956,ols_2s_(fracao)_(status_sexo_modelo),LOSO_paises_case,Estudo_AI,10,1.0,1.0
0.13540828491609364,0.16266225538684168,-0.3619097496522983,1.0822653662569253,ols_(peso_consumo)_(pais_status_sexo),LOSO_paises_case,Estudo_AI,10,0.0,1.0
0.137162828351094,0.16505605577760565,-0.4022894778395669,0.9812145400550681,ols_2s_(peso_consumo)_(pais_status_sexo_modelo),LOSO_paises_case,Estudo_AI,10,1.0,1.0
0.137162828351094,0.16505605577760565,-0.4022894778395669,0.9812145400550681,spl_2s_(peso_consumo)_(pais_status_sexo_modelo),LOSO_paises_case,Estudo_AI,10,1.0,1.0
0.13362740983454102,0.16026123011815932,-0.3220007252260755,1.022403745221863,ols_(peso_consumo)_(pais_status_sexo_modelo),LOSO_paises_case,Estudo_AI,10,1.0,1.0
0.1258064273103514,0.1482144374866282,-0.13072181140372252,1.1439679559418336,ols_2s_(peso_fracao)_(pais_status_sexo_modelo),LOSO_paises_case,Estudo_AI,10,1.0,1.0
0.12461303830196671,0.1449257478585398,-0.0810999562986976,1.1983209149889604,ols_(peso_fracao)_(pais_status_sexo_modelo),LOSO_paises_case,Estudo_AI,10,1.0,1.0
0.12791368150328267,0.1523544717073484,-0.1947723425703345,1.1003650975655004,ols_(consumo_fracao)_(pais_status_sexo_modelo),LOSO_paises_case,Estudo_AI,10,1.0,1.0
0.0610065534288351,0.0742946437045836,0.3008511323055466,1.2686011225524578,baseline_mediana_modelo,LOSO_paises_case,Estudo_BS,10,0.5,0.5
0.06499916024621447,0.07695061994049653,0.24996954885390743,1.1907814690504732,ols_2s_(sexo_modelo),LOSO_paises_case,Estudo_BS,10,0.5,0.5
0.06594040106556864,0.07986326973867672,0.19211634058746174,0.992721697614631,ols_(sexo_modelo),LOSO_paises_case,Estudo_BS,10,0.5,0.5
0.08728643132224638,0.11075254835761628,-0.5536818981660498,0.7169246076188417,ols_2s_(status_sexo_modelo),LOSO_paises_case,Estudo_BS,10,0.5,0.5
0.06375469752214881,0.07684074958615052,0.25210981183397574,1.1247616801747178,ols_2s_(peso)_(sexo_modelo),LOSO_paises_case,Estudo_BS,10,0.5,0.5
0.06375469752214881,0.07684074958615052,0.25210981183397574,1.1247616801747178,spl_2s_(peso)_(sexo_modelo),LOSO_paises_case,Estudo_BS,10,0.5,0.5
0.08773183036492259,0.11127294027240316,-0.5683167397240432,0.7157136260990548,ols_2s_(peso)_(status_sexo_modelo),LOSO_paises_case,Estudo_BS,10,0.5,0.5
0.08773183036492259,0.11127294027240316,-0.5683167397240432,0.7157136260990548,spl_2s_(peso)_(status_sexo_modelo),LOSO_paises_case,Estudo_BS,10,0.5,0.5
0.08381166740338877,0.10491207935543645,-0.3941375979883117,0.8948446418832026,ols_(consumo)_(pais_status_sexo),LOSO_paises_case,Estudo_BS,10,0.0,0.5
0.07890341025251177,0.09882860690112455,-0.23714327055952422,0.7800699215078244,ols_2s_(consumo)_(pais_status_sexo_modelo),LOSO_paises_case,Estudo_BS,10,0.5,0.5
0.07771280821657536,0.09713109771600582,-0.19500918633263709,0.7914938804077252,ols_(consumo)_(pais_status_sexo_modelo),LOSO_paises_case,Estudo_BS,10,0.5,0.5
0.06471539217584521,0.07861954500945205,0.21708303787004146,1.0245590365880326,ols_2s_(fracao)_(sexo_modelo),LOSO_paises_case,Estudo_BS,10,0.5,0.5
0.07086159339548848,0.0875193353337647,0.029796869649336477,0.8722650543662518,ols_(fracao)_(sexo_modelo),LOSO_paises_case,Estudo_BS,10,0.5,0.5
0.09634021170843607,0.11995762983118602,-0.8226798922134657,0.7156463264003751,ols_2s_(fracao)_(status_sexo_modelo),LOSO_paises_case,Estudo_BS,10,0.5,0.5
0.0837281772871361,0.1048014123756143,-0.3911979246111228,0.8958678855495575,ols_(peso_consumo)_(pais_status_sexo),LOSO_paises_case,Estudo_BS,10,0.0,0.5
0.07891320311469621,0.09884275441181434,-0.23749749492739647,0.7799759585712895,ols_2s_(peso_consumo)_(pais_status_sexo_modelo),LOSO_paises_case,Estudo_BS,10,0.5,0.5
0.07891320311469621,0.09884275441181434,-0.23749749492739647,0.7799759585712895,spl_2s_(peso_consumo)_(pais_status_sexo_modelo),LOSO_paises_case,Estudo_BS,10,0.5,0.5
0.07762147597055681,0.0970028281864977,-0.19185505633371802,0.7923723018674653,ols_(peso_consumo)_(pais_status_sexo_modelo),LOSO_paises_case,Estudo_BS,10,0.5,0.5
0.08612471793284929,0.10944223501269545,-0.5171361514424093,0.719112428037285,ols_2s_(peso_fracao)_(pais_status_sexo_modelo),LOSO_paises_case,Estudo_BS,10,0.5,0.5
0.084166135466125,0.10683336042136948,-0.4456675358627262,0.7298800761188777,ols_(peso_fracao)_(pais_status_sexo_modelo),LOSO_paises_case,Estudo_BS,10,0.5,0.5
0.08041401787878572,0.10104558919553457,-0.29327049996109733,0.7655949684631087,ols_(consumo_fracao)_(pais_status_sexo_modelo),LOSO_paises_case,Estudo_BS,10,0.5,0.5
0.09742193635907818,0.1172596542543085,-1.1671515750359567,16.837285077457082,baseline_mediana_modelo,LOSO_paises_case,Estudo_AA,10,0.0,0.0
0.07096820020113384,0.08443961221134597,-0.12378836014695338,12.441810078649056,ols_2s_(sexo_modelo),LOSO_paises_case,Estudo_AA,10,0.0,0.0
0.07204531172120565,0.08519756767554532,-0.14405383579064246,12.693886640576968,ols_(sexo_modelo),LOSO_paises_case,Estudo_AA,10,0.0,0.0
0.07544411822862712,0.08971489722928105,-0.26858974738384633,6.6803406477645835,ols_2s_(status_sexo_modelo),LOSO_paises_case,Estudo_AA,10,0.0,0.0
0.06557446016101229,0.08167381267698483,-0.051375199973111574,11.172213676698851,ols_2s_(peso)_(sexo_modelo),LOSO_paises_case,Estudo_AA,10,0.0,0.0
0.06557446016101229,0.08167381267698483,-0.051375199973111574,11.172213676698851,spl_2s_(peso)_(sexo_modelo),LOSO_paises_case,Estudo_AA,10,0.0,0.0
0.07718808316869326,0.09168903031050277,-0.3250334091917,6.258477415061285,ols_2s_(peso)_(status_sexo_modelo),LOSO_paises_case,Estudo_AA,10,0.0,0.0
0.07718808316869326,0.09168903031050277,-0.3250334091917,6.258477415061285,spl_2s_(peso)_(status_sexo_modelo),LOSO_paises_case,Estudo_AA,10,0.0,0.0
0.07717307868488184,0.091102690750447,-0.308140759037006,6.158549262020886,ols_(consumo)_(pais_status_sexo),LOSO_paises_case,Estudo_AA,10,0.0,0.0
0.08094672496267365,0.09680617334365778,-0.4770601305469515,5.170309225695587,ols_2s_(consumo)_(pais_status_sexo_modelo),LOSO_paises_case,Estudo_AA,10,0.0,0.0
0.07692263308247539,0.09162030947494235,-0.3230479311252157,6.035176534554306,ols_(consumo)_(pais_status_sexo_modelo),LOSO_paises_case,Estudo_AA,10,0.0,0.0
0.06725786085640989,0.081738382533831,-0.05303825399520812,11.51460298351735,ols_2s_(fracao)_(sexo_modelo),LOSO_paises_case,Estudo_AA,10,0.0,0.0
0.06813463091641672,0.08212698252760767,-0.0630747479733853,11.716325222617444,ols_(fracao)_(sexo_modelo),LOSO_paises_case,Estudo_AA,10,0.0,0.0
0.07626807701560694,0.09074955557262047,-0.29801909957686257,6.301000153112855,ols_2s_(fracao)_(status_sexo_modelo),LOSO_paises_case,Estudo_AA,10,0.0,0.0
0.07704541131306619,0.0909396064170558,-0.30346150504903346,6.191282081753689,ols_(peso_consumo)_(pais_status_sexo),LOSO_paises_case,Estudo_AA,10,0.0,0.0
0.08086487446876267,0.09668901472141285,-0.4734871019321212,5.190854764832696,ols_2s_(peso_consumo)_(pais_status_sexo_modelo),LOSO_paises_case,Estudo_AA,10,0.0,0.0
0.08086487446876267,0.09668901472141285,-0.4734871019321212,5.190854764832696,spl_2s_(peso_consumo)_(pais_status_sexo_modelo),LOSO_paises_case,Estudo_AA,10,0.0,0.0
0.07679403191085207,0.09146275882588474,-0.31850160644504055,6.067550394441779,ols_(peso_consumo)_(pais_status_sexo_modelo),LOSO_paises_case,Estudo_AA,10,0.0,0.0
0.07897301915157592,0.09410086807979562,-0.3956590267444784,5.650716324464656,ols_2s_(peso_fracao)_(pais_status_sexo_modelo),LOSO_paises_case,Estudo_AA,10,0.0,0.0
0.07473140174847412,0.08907768256093192,-0.25063301440939423,6.59099025530053,ols_(peso_fracao)_(pais_status_sexo_modelo),LOSO_paises_case,Estudo_AA,10,0.0,0.0
0.07746894773960387,0.0922997654910452,-0.3427441359919281,5.898785554678421,ols_(consumo_fracao)_(pais_status_sexo_modelo),LOSO_paises_case,Estudo_AA,10,0.0,0.0
0.0911865977009125,0.1007177420674806,-0.503937888723996,0.40278198388031755,baseline_mediana_modelo,LOSO_paises_case,Estudo_H,5,0.0,0.0
0.11488856964894958,0.13835595503372883,-1.8380082373733067,0.4170589981687428,ols_2s_(sexo_modelo),LOSO_paises_case,Estudo_H,5,0.0,0.0
0.11222670485633623,0.13470674352263043,-1.6902746129869013,0.4093920186965575,ols_(sexo_modelo),LOSO_paises_case,Estudo_H,5,0.0,0.0
0.1062642081674676,0.12680571293681966,-1.3839414170989865,0.3921833973250455,ols_2s_(status_sexo_modelo),LOSO_paises_case,Estudo_H,5,0.0,0.0
0.1218672711635224,0.14823407026106433,-2.257721890897261,0.4371092167956969,ols_2s_(peso)_(sexo_modelo),LOSO_paises_case,Estudo_H,5,0.0,0.0
0.1218672711635224,0.14823407026106433,-2.257721890897261,0.4371092167956969,spl_2s_(peso)_(sexo_modelo),LOSO_paises_case,Estudo_H,5,0.0,0.0
0.10993508521564962,0.13162335164407735,-1.568525191275815,0.40278359256432494,ols_2s_(peso)_(status_sexo_modelo),LOSO_paises_case,Estudo_H,5,0.0,0.0
0.10993508521564962,0.13162335164407735,-1.568525191275815,0.40278359256432494,spl_2s_(peso)_(status_sexo_modelo),LOSO_paises_case,Estudo_H,5,0.0,0.0
0.12270926120655574,0.14765691468163644,-2.232403122825425,0.44499515675854245,ols_(consumo)_(pais_status_sexo),LOSO_paises_case,Estudo_H,5,0.0,0.0
0.12549562497917588,0.15141499826486715,-2.3990357348935567,0.45455457605909294,ols_2s_(consumo)_(pais_status_sexo_modelo),LOSO_paises_case,Estudo_H,5,0.0,0.0
0.12227945435003704,0.14879652698495113,-2.2824908776015316,0.4384054309475852,ols_(consumo)_(pais_status_sexo_modelo),LOSO_paises_case,Estudo_H,5,0.0,0.0
0.11308425829468904,0.13587466937177875,-1.7371269403842242,0.41186312740717784,ols_2s_(fracao)_(sexo_modelo),LOSO_paises_case,Estudo_H,5,0.0,0.0
0.11031286487339746,0.13212779096573415,-1.5882503824653926,0.4038734956517553,ols_(fracao)_(sexo_modelo),LOSO_paises_case,Estudo_H,5,0.0,0.0
0.10375518418509111,0.12360607286886344,-1.2651530723577342,0.38492856901402706,ols_2s_(fracao)_(status_sexo_modelo),LOSO_paises_case,Estudo_H,5,0.0,0.0
0.1226301519149913,0.14759117800917226,-2.229525639894831,0.44459989056805316,ols_(peso_consumo)_(pais_status_sexo),LOSO_paises_case,Estudo_H,5,0.0,0.0
0.1255399178138485,0.15145122023595892,-2.4006621854049284,0.45477698670223105,ols_2s_(peso_consumo)_(pais_status_sexo_modelo),LOSO_paises_case,Estudo_H,5,0.0,0.0
0.1255399178138485,0.15145122023595892,-2.4006621854049284,0.45477698670223105,spl_2s_(peso_consumo)_(pais_status_sexo_modelo),LOSO_paises_case,Estudo_H,5,0.0,0.0
0.12221233387595824,0.14873320615658955,-2.27969772348629,0.4380985646576446,ols_(peso_consumo)_(pais_status_sexo_modelo),LOSO_paises_case,Estudo_H,5,0.0,0.0
0.12971619703942577,0.1548853434755257,-2.5566291613137295,0.47574837417892246,ols_2s_(peso_fracao)_(pais_status_sexo_modelo),LOSO_paises_case,Estudo_H,5,0.0,0.0
0.12693937289257762,0.15259786286307955,-2.4523501844014586,0.4618042513721079,ols_(peso_fracao)_(pais_status_sexo_modelo),LOSO_paises_case,Estudo_H,5,0.0,0.0
0.12466614675792101,0.15073745985291365,-2.3686843863343476,0.450389490382377,ols_(consumo_fracao)_(pais_status_sexo_modelo),LOSO_paises_case,Estudo_H,5,0.0,0.0
0.21778368105385612,0.22499303287342573,-24.282611386452228,0.5305976679728046,baseline_mediana_modelo,LOSO_paises_case,Estudo_C,10,0.0,0.0
0.2862785440856836,0.29062608926983946,-41.184507709177616,0.7018281943568917,ols_2s_(sexo_modelo),LOSO_paises_case,Estudo_C,10,0.0,0.0
0.28247391211020256,0.2869038815599943,-40.11086712309147,0.6923002455808901,ols_(sexo_modelo),LOSO_paises_case,Estudo_C,10,0.0,0.0
0.2763302873591262,0.2808979795424125,-38.40769380940207,0.6769152185852491,ols_2s_(status_sexo_modelo),LOSO_paises_case,Estudo_C,10,0.0,0.0
0.28595749487815675,0.2903119135240233,-41.09335150523495,0.7010241812296203,ols_2s_(peso)_(sexo_modelo),LOSO_paises_case,Estudo_C,10,0.0,0.0
0.28595749487815675,0.2903119135240233,-41.09335150523495,0.7010241812296203,spl_2s_(peso)_(sexo_modelo),LOSO_paises_case,Estudo_C,10,0.0,0.0
0.2818054632322696,0.2862501360211556,-39.923728310909944,0.6906262707775472,ols_2s_(peso)_(status_sexo_modelo),LOSO_paises_case,Estudo_C,10,0.0,0.0
0.2818054632322696,0.2862501360211556,-39.923728310909944,0.6906262707775472,spl_2s_(peso)_(status_sexo_modelo),LOSO_paises_case,Estudo_C,10,0.0,0.0
0.3038930808451711,0.30716065034199497,-46.12104858000409,0.7468614906304784,ols_(consumo)_(pais_status_sexo),LOSO_paises_case,Estudo_C,10,1.0,0.0
0.30573109490866257,0.30967940151238016,-46.8970126630989,0.7505646128910026,ols_2s_(consumo)_(pais_status_sexo_modelo),LOSO_paises_case,Estudo_C,10,0.0,0.0
0.3034702720009924,0.3074611336682388,-46.21328705547992,0.7449026065721294,ols_(consumo)_(pais_status_sexo_modelo),LOSO_paises_case,Estudo_C,10,0.0,0.0
0.27289072367067,0.27752861490968844,-37.467975053364015,0.6683190595301357,ols_2s_(fracao)_(sexo_modelo),LOSO_paises_case,Estudo_C,10,0.0,0.0
0.2683316630087941,0.2730775636318252,-36.243958003485965,0.6569036844322781,ols_(fracao)_(sexo_modelo),LOSO_paises_case,Estudo_C,10,0.0,0.0
0.26665185132889285,0.2714400204185901,-35.79862132287719,0.6526949309267369,ols_2s_(fracao)_(status_sexo_modelo),LOSO_paises_case,Estudo_C,10,0.0,0.0
0.3038837935534174,0.30715146869474436,-46.11823153700533,0.7468382713937901,ols_(peso_consumo)_(pais_status_sexo),LOSO_paises_case,Estudo_C,10,1.0,0.0
0.3057695446041875,0.309717103226756,-46.908675753410975,0.7506609664054869,ols_2s_(peso_consumo)_(pais_status_sexo_modelo),LOSO_paises_case,Estudo_C,10,0.0,0.0
0.3057695446041875,0.309717103226756,-46.908675753410975,0.7506609664054869,spl_2s_(peso_consumo)_(pais_status_sexo_modelo),LOSO_paises_case,Estudo_C,10,0.0,0.0
0.30346094401808277,0.3074519906251415,-46.21047911227888,0.7448792296048993,ols_(peso_consumo)_(pais_status_sexo_modelo),LOSO_paises_case,Estudo_C,10,0.0,0.0
0.3041624623665325,0.3081370421919798,-46.421098296954426,0.7466425050258175,ols_2s_(peso_fracao)_(pais_status_sexo_modelo),LOSO_paises_case,Estudo_C,10,0.0,0.0
0.3025147421477758,0.30652125321854884,-45.92507488357558,0.7425146269878825,ols_(peso_fracao)_(pais_status_sexo_modelo),LOSO_paises_case,Estudo_C,10,0.0,0.0
0.30389307319030606,0.30787491811744533,-46.34045285173842,0.7459634860470483,ols_(consumo_fracao)_(pais_status_sexo_modelo),LOSO_paises_case,Estudo_C,10,0.0,0.0
0.08969185221748609,0.10572195166316974,-0.11247098443132542,3.863819544891173,baseline_mediana_modelo,LOSO_paises_case,Estudo_CI,10,0.5,0.5
0.08200177236511122,0.09698649977917106,0.06377351874291315,2.584690566020193,ols_2s_(sexo_modelo),LOSO_paises_case,Estudo_CI,10,0.5,0.5
0.08140022460165516,0.09663823124775826,0.07048523226371572,2.636470033527737,ols_(sexo_modelo),LOSO_paises_case,Estudo_CI,10,0.5,0.5
0.08036756126067549,0.09622027068977605,0.0785081518307994,2.965070840666011,ols_2s_(status_sexo_modelo),LOSO_paises_case,Estudo_CI,10,0.5,0.5
0.08358381597416156,0.0982844397785587,0.038547391534535236,2.4552346449046496,ols_2s_(peso)_(sexo_modelo),LOSO_paises_case,Estudo_CI,10,0.5,0.5
0.08358381597416156,0.0982844397785587,0.038547391534535236,2.4552346449046496,spl_2s_(peso)_(sexo_modelo),LOSO_paises_case,Estudo_CI,10,0.5,0.5
0.08043980504315246,0.09619145970988216,0.07905990892229398,2.9330995434857168,ols_2s_(peso)_(status_sexo_modelo),LOSO_paises_case,Estudo_CI,10,0.5,0.5
0.08043980504315246,0.09619145970988216,0.07905990892229398,2.9330995434857168,spl_2s_(peso)_(status_sexo_modelo),LOSO_paises_case,Estudo_CI,10,0.5,0.5
0.0968926415139306,0.11722942922877627,-0.36782850476535,2.074274783009808,ols_(consumo)_(pais_status_sexo),LOSO_paises_case,Estudo_CI,10,0.0,0.5
0.09500160125574249,0.11300563413200142,-0.27103802214875317,2.035612656949495,ols_2s_(consumo)_(pais_status_sexo_modelo),LOSO_paises_case,Estudo_CI,10,0.5,0.5
0.09628547133506511,0.11451611612033523,-0.30524359120074185,1.986154513806064,ols_(consumo)_(pais_status_sexo_modelo),LOSO_paises_case,Estudo_CI,10,0.5,0.5
0.08609669882550787,0.1015991264770262,-0.027397008878093487,2.5700935317741656,ols_2s_(fracao)_(sexo_modelo),LOSO_paises_case,Estudo_CI,10,0.5,0.5
0.08570086714301975,0.10130553693162947,-0.021467878994688272,2.621090008761718,ols_(fracao)_(sexo_modelo),LOSO_paises_case,Estudo_CI,10,0.5,0.5
0.0840713655471933,0.09933268700091478,0.0179293860926224,2.975687194518011,ols_2s_(fracao)_(status_sexo_modelo),LOSO_paises_case,Estudo_CI,10,0.5,0.5
0.09688854561685863,0.11723396873573819,-0.3679344404042506,2.07277257190679,ols_(peso_consumo)_(pais_status_sexo),LOSO_paises_case,Estudo_CI,10,0.0,0.5
0.09500215791209009,0.11300459861979212,-0.27101472827725326,2.036076175499031,ols_2s_(peso_consumo)_(pais_status_sexo_modelo),LOSO_paises_case,Estudo_CI,10,0.5,0.5
0.09500215791209009,0.11300459861979212,-0.27101472827725326,2.036076175499031,spl_2s_(peso_consumo)_(pais_status_sexo_modelo),LOSO_paises_case,Estudo_CI,10,0.5,0.5
0.09628432571773192,0.1145210989925382,-0.3053571822607324,1.9847100822409451,ols_(peso_consumo)_(pais_status_sexo_modelo),LOSO_paises_case,Estudo_CI,10,0.5,0.5
0.0972194301907453,0.11561313259086461,-0.3303707460825116,1.959104033524636,ols_2s_(peso_fracao)_(pais_status_sexo_modelo),LOSO_paises_case,Estudo_CI,10,0.5,0.5
0.09782906946455153,0.11647338077325509,-0.3502423085742725,1.9161365048684214,ols_(peso_fracao)_(pais_status_sexo_modelo),LOSO_paises_case,Estudo_CI,10,0.5,0.5
0.09662691835822905,0.11485824402057036,-0.3130543227402056,1.9891449192436803,ols_(consumo_fracao)_(pais_status_sexo_modelo),LOSO_paises_case,Estudo_CI,10,0.5,0.5
0.11592120628450153,0.12632218816751173,-1.4592660852643586,4.05478249688519,baseline_mediana_modelo,LOSO_paises_case,Estudo_BX,10,0.0,0.0
0.08188411973582647,0.08889058321607834,-0.21774891698315124,2.693373415462237,ols_2s_(sexo_modelo),LOSO_paises_case,Estudo_BX,10,0.0,0.0
0.08335060007622594,0.09029575475502946,-0.2565532729072433,2.7765677464154765,ols_(sexo_modelo),LOSO_paises_case,Estudo_BX,10,0.0,0.0
0.06826058140564448,0.0883062669004159,-0.20179195349262669,1.2253548047268938,ols_2s_(status_sexo_modelo),LOSO_paises_case,Estudo_BX,10,0.0,0.0
0.07945729691673709,0.08660725396581002,-0.15599186598795955,2.5315393906064756,ols_2s_(peso)_(sexo_modelo),LOSO_paises_case,Estudo_BX,10,0.0,0.0
0.07945729691673709,0.08660725396581002,-0.15599186598795955,2.5315393906064756,spl_2s_(peso)_(sexo_modelo),LOSO_paises_case,Estudo_BX,10,0.0,0.0
0.06837504506454364,0.08776558695087532,-0.18712038848603263,1.2527941323334997,ols_2s_(peso)_(status_sexo_modelo),LOSO_paises_case,Estudo_BX,10,0.0,0.0
0.06837504506454364,0.08776558695087532,-0.18712038848603263,1.2527941323334997,spl_2s_(peso)_(status_sexo_modelo),LOSO_paises_case,Estudo_BX,10,0.0,0.0
0.07028135626338203,0.09042687617216093,-0.2602052867531288,1.1952677072747429,ols_(consumo)_(pais_status_sexo),LOSO_paises_case,Estudo_BX,10,0.0,0.0
0.0721192039156263,0.09823313220770528,-0.48717550832300227,0.894291958775202,ols_2s_(consumo)_(pais_status_sexo_modelo),LOSO_paises_case,Estudo_BX,10,0.0,0.0
0.06901492815443885,0.09104138784480106,-0.2773913759741209,1.1309767421004782,ols_(consumo)_(pais_status_sexo_modelo),LOSO_paises_case,Estudo_BX,10,0.0,0.0
0.08107511486632604,0.08848155126103267,-0.20656770526458645,2.679635947815545,ols_2s_(fracao)_(sexo_modelo),LOSO_paises_case,Estudo_BX,10,0.0,0.0
0.08250062148089969,0.08983299751367808,-0.2437068414250818,2.7621339470838953,ols_(fracao)_(sexo_modelo),LOSO_paises_case,Estudo_BX,10,0.0,0.0
0.06802125312393136,0.08736584608574995,-0.17633119727033453,1.2794457974766418,ols_2s_(fracao)_(status_sexo_modelo),LOSO_paises_case,Estudo_BX,10,0.0,0.0
0.07031166388042656,0.09049635096816892,-0.2621424572525226,1.1929400691128484,ols_(peso_consumo)_(pais_status_sexo),LOSO_paises_case,Estudo_BX,10,0.0,0.0
0.07212458277467432,0.0982473472290017,-0.4876059488600566,0.893912512818431,ols_2s_(peso_consumo)_(pais_status_sexo_modelo),LOSO_paises_case,Estudo_BX,10,0.0,0.0
0.07212458277467432,0.0982473472290017,-0.4876059488600566,0.893912512818431,spl_2s_(peso_consumo)_(pais_status_sexo_modelo),LOSO_paises_case,Estudo_BX,10,0.0,0.0
0.0690461652085426,0.0911069257026357,-0.27923114641672764,1.1287524979110874,ols_(peso_consumo)_(pais_status_sexo_modelo),LOSO_paises_case,Estudo_BX,10,0.0,0.0
0.07162163547754177,0.09698625199001899,-0.4496614616906147,0.9331670421160606,ols_2s_(peso_fracao)_(pais_status_sexo_modelo),LOSO_paises_case,Estudo_BX,10,0.0,0.0
0.06839855144755042,0.0898277967724441,-0.2435628406592365,1.1786647761265492,ols_(peso_fracao)_(pais_status_sexo_modelo),LOSO_paises_case,Estudo_BX,10,0.0,0.0
0.06857321372086632,0.09014477630526582,-0.2523547618712565,1.163243012331636,ols_(consumo_fracao)_(pais_status_sexo_modelo),LOSO_paises_case,Estudo_BX,10,0.0,0.0
